/*
Navicat MySQL Data Transfer

Source Server         : localhost
Source Server Version : 50556
Source Host           : localhost:3306
Source Database       : polar

Target Server Type    : MYSQL
Target Server Version : 50556
File Encoding         : 65001

Date: 2018-10-23 11:20:44
*/

SET FOREIGN_KEY_CHECKS=0;

-- ----------------------------
-- Table structure for t_polar_attachment
-- ----------------------------
DROP TABLE IF EXISTS `t_polar_attachment`;
CREATE TABLE `t_polar_attachment` (
  `id` int(11) NOT NULL AUTO_INCREMENT,
  `visitPath` varchar(2000) NOT NULL COMMENT '访问路径',
  `attachmentId` varchar(50) NOT NULL COMMENT '外键编号',
  `typeStr` varchar(500) NOT NULL COMMENT '文件类型，一般以表名+字段名',
  `createDate` datetime NOT NULL COMMENT '创建时间',
  `createDateMillions` bigint(30) NOT NULL COMMENT '创建时间毫秒',
  `pid` varchar(50) DEFAULT NULL COMMENT '其他外键编号',
  PRIMARY KEY (`id`)
) ENGINE=InnoDB AUTO_INCREMENT=8 DEFAULT CHARSET=utf8mb4;

-- ----------------------------
-- Records of t_polar_attachment
-- ----------------------------

-- ----------------------------
-- Table structure for t_polar_columns
-- ----------------------------
DROP TABLE IF EXISTS `t_polar_columns`;
CREATE TABLE `t_polar_columns` (
  `id` bigint(20) NOT NULL AUTO_INCREMENT COMMENT '主键',
  `tableId` bigint(20) NOT NULL,
  `name` varchar(500) NOT NULL COMMENT '字段名称',
  `commont` varchar(500) DEFAULT NULL COMMENT '注释',
  `type` int(2) NOT NULL COMMENT '字段类型,0-单行文本,1-文本域,2-整数,3-浮点数,4-日期,5-富文本编辑器,6-下拉列表,7-树形结构,8-隐藏,9-大整数,10-文件',
  `groupName` varchar(500) DEFAULT NULL COMMENT '组名,下拉或者树形菜单时有效。',
  `javaName` varchar(500) NOT NULL COMMENT 'java列名称',
  `remark` varchar(500) NOT NULL COMMENT 'listShown',
  `search` int(1) NOT NULL COMMENT '是否作为查询条件,0-否,1-是',
  `listShown` int(1) NOT NULL COMMENT '是否列表显示,0-否,1-是',
  `listReturn` int(1) DEFAULT '1' COMMENT '是否列表返回（0-否，1-是）',
  `innerEdit` int(1) NOT NULL COMMENT '是否表内编辑,0-否,1-是',
  `required` int(1) NOT NULL COMMENT '是否必填,0-否,1-是',
  `orderBy` int(1) NOT NULL DEFAULT '0' COMMENT '是否可排序,0-否,1-是',
  `phone` int(1) NOT NULL DEFAULT '0' COMMENT '是否为手机号,0-否,1-是',
  `email` int(1) NOT NULL DEFAULT '0' COMMENT '是否为邮箱,0-否,1-是',
  `identity` int(1) NOT NULL DEFAULT '0' COMMENT '是否为身份证号,0-否,1-是',
  `matchStyle` int(1) NOT NULL DEFAULT '0' COMMENT '匹配方式',
  `orderNum` int(5) DEFAULT '0' COMMENT '排序编号',
  PRIMARY KEY (`id`)
) ENGINE=InnoDB AUTO_INCREMENT=7 DEFAULT CHARSET=utf8mb4 COMMENT='代码生成器中生成的表的列属性';

-- ----------------------------
-- Records of t_polar_columns
-- ----------------------------

-- ----------------------------
-- Table structure for t_polar_dict
-- ----------------------------
DROP TABLE IF EXISTS `t_polar_dict`;
CREATE TABLE `t_polar_dict` (
  `id` bigint(11) NOT NULL AUTO_INCREMENT COMMENT '主键编号',
  `text` varchar(500) NOT NULL COMMENT '文本内容',
  `value` varchar(500) NOT NULL COMMENT '值',
  `remark` varchar(255) DEFAULT NULL,
  `orderNum` bigint(11) NOT NULL DEFAULT '0' COMMENT '排序号',
  `groupId` varchar(255) NOT NULL COMMENT '组名',
  `groupName` varchar(500) DEFAULT NULL COMMENT '组名',
  PRIMARY KEY (`id`)
) ENGINE=InnoDB AUTO_INCREMENT=6 DEFAULT CHARSET=utf8mb4 COMMENT='字典表';

-- ----------------------------
-- Records of t_polar_dict
-- ----------------------------
INSERT INTO `t_polar_dict` VALUES ('1', '通过', '1', '请假审核通过', '1', 'CHECKSTATE', '请假审核状态');
INSERT INTO `t_polar_dict` VALUES ('2', '不通过', '0', '请假审核拒绝', '2', 'CHECKSTATE', '请假审核状态');
INSERT INTO `t_polar_dict` VALUES ('3', '事假', '1', '请假类型-事假', '1', 'LEVELTYPE', '请假类型');
INSERT INTO `t_polar_dict` VALUES ('4', '病假', '2', '请假类型-病假', '2', 'LEVELTYPE', '请假类型');
INSERT INTO `t_polar_dict` VALUES ('5', '丧假', '3', '请假类型-丧假', '3', 'LEVELTYPE', '请假类型');

-- ----------------------------
-- Table structure for t_polar_flow
-- ----------------------------
DROP TABLE IF EXISTS `t_polar_flow`;
CREATE TABLE `t_polar_flow` (
  `id` int(11) NOT NULL AUTO_INCREMENT COMMENT '主键编号',
  `flowDeployId` varchar(50) DEFAULT NULL COMMENT '流程发布后的编号',
  `flowName` varchar(50) NOT NULL COMMENT '流程名称',
  `state` int(11) NOT NULL DEFAULT '0' COMMENT '流程状态(0-未发布,1-已发布)',
  `flowDescribe` varchar(2000) DEFAULT NULL COMMENT '流程描述',
  `createUser` varchar(50) NOT NULL COMMENT '创建人',
  `createDate` datetime NOT NULL COMMENT '创建时间',
  `bpmnData` blob COMMENT '流程图数据',
  `formId` int(11) DEFAULT NULL COMMENT '表单编号',
  `groupId` int(11) DEFAULT NULL COMMENT '可执行人',
  PRIMARY KEY (`id`),
  UNIQUE KEY `t_polar_flow_defined_flowDeployId_uindex` (`flowDeployId`)
) ENGINE=InnoDB AUTO_INCREMENT=7 DEFAULT CHARSET=utf8mb4 COMMENT='流程定义表';

-- ----------------------------
-- Records of t_polar_flow
-- ----------------------------
INSERT INTO `t_polar_flow` VALUES ('6', '1', '请假', '1', '请假', '1', '2018-08-30 14:45:12', 0x266C743B3F786D6C2076657273696F6E3D2671756F743B312E302671756F743B20656E636F64696E673D2671756F743B5554462D382671756F743B3F2667743B0A266C743B62706D6E323A646566696E6974696F6E7320786D6C6E733A7873693D2671756F743B687474703A2F2F7777772E77332E6F72672F323030312F584D4C536368656D612D696E7374616E63652671756F743B20786D6C6E733A62706D6E323D2671756F743B687474703A2F2F7777772E6F6D672E6F72672F737065632F42504D4E2F32303130303532342F4D4F44454C2671756F743B20786D6C6E733A62706D6E64693D2671756F743B687474703A2F2F7777772E6F6D672E6F72672F737065632F42504D4E2F32303130303532342F44492671756F743B20786D6C6E733A64633D2671756F743B687474703A2F2F7777772E6F6D672E6F72672F737065632F44442F32303130303532342F44432671756F743B20786D6C6E733A64693D2671756F743B687474703A2F2F7777772E6F6D672E6F72672F737065632F44442F32303130303532342F44492671756F743B2069643D2671756F743B73616D706C652D6469616772616D2671756F743B207461726765744E616D6573706163653D2671756F743B687474703A2F2F62706D6E2E696F2F736368656D612F62706D6E2671756F743B207873693A736368656D614C6F636174696F6E3D2671756F743B687474703A2F2F7777772E6F6D672E6F72672F737065632F42504D4E2F32303130303532342F4D4F44454C2042504D4E32302E7873642671756F743B2667743B0A2020266C743B62706D6E323A70726F636573732069643D2671756F743B50726F636573735F312671756F743B20697345786563757461626C653D2671756F743B747275652671756F743B2667743B0A20202020266C743B62706D6E323A73746172744576656E742069643D2671756F743B53746172744576656E745F312671756F743B2667743B0A202020202020266C743B62706D6E323A6F7574676F696E672667743B53657175656E6365466C6F775F30613765763231266C743B2F62706D6E323A6F7574676F696E672667743B0A20202020266C743B2F62706D6E323A73746172744576656E742667743B0A20202020266C743B62706D6E323A6578636C7573697665476174657761792069643D2671756F743B4578636C7573697665476174657761795F31393867306D392671756F743B2667743B0A202020202020266C743B62706D6E323A696E636F6D696E672667743B53657175656E6365466C6F775F30613765763231266C743B2F62706D6E323A696E636F6D696E672667743B0A202020202020266C743B62706D6E323A6F7574676F696E672667743B53657175656E6365466C6F775F31783037737A65266C743B2F62706D6E323A6F7574676F696E672667743B0A202020202020266C743B62706D6E323A6F7574676F696E672667743B53657175656E6365466C6F775F30676D6D706972266C743B2F62706D6E323A6F7574676F696E672667743B0A20202020266C743B2F62706D6E323A6578636C7573697665476174657761792667743B0A20202020266C743B62706D6E323A73657175656E6365466C6F772069643D2671756F743B53657175656E6365466C6F775F306137657632312671756F743B20736F757263655265663D2671756F743B53746172744576656E745F312671756F743B207461726765745265663D2671756F743B4578636C7573697665476174657761795F31393867306D392671756F743B202F2667743B0A20202020266C743B62706D6E323A73657175656E6365466C6F772069643D2671756F743B53657175656E6365466C6F775F31783037737A652671756F743B20736F757263655265663D2671756F743B4578636C7573697665476174657761795F31393867306D392671756F743B207461726765745265663D2671756F743B636865636B312671756F743B2667743B0A202020202020266C743B62706D6E323A636F6E646974696F6E45787072657373696F6E207873693A747970653D2671756F743B62706D6E323A74466F726D616C45787072657373696F6E2671756F743B2667743B247B6461797326616D703B6C743B337D266C743B2F62706D6E323A636F6E646974696F6E45787072657373696F6E2667743B0A20202020266C743B2F62706D6E323A73657175656E6365466C6F772667743B0A20202020266C743B62706D6E323A73657175656E6365466C6F772069643D2671756F743B53657175656E6365466C6F775F30676D6D7069722671756F743B20736F757263655265663D2671756F743B4578636C7573697665476174657761795F31393867306D392671756F743B207461726765745265663D2671756F743B636865636B322671756F743B2667743B0A202020202020266C743B62706D6E323A636F6E646974696F6E45787072657373696F6E207873693A747970653D2671756F743B62706D6E323A74466F726D616C45787072657373696F6E2671756F743B2667743B247B6461797326616D703B67743B3D337D266C743B2F62706D6E323A636F6E646974696F6E45787072657373696F6E2667743B0A20202020266C743B2F62706D6E323A73657175656E6365466C6F772667743B0A20202020266C743B62706D6E323A757365725461736B2069643D2671756F743B636865636B312671756F743B206E616D653D2671756F743BE5889DE7BAA7E5AEA1E6A0B82671756F743B2667743B0A202020202020266C743B62706D6E323A696E636F6D696E672667743B53657175656E6365466C6F775F31783037737A65266C743B2F62706D6E323A696E636F6D696E672667743B0A202020202020266C743B62706D6E323A6F7574676F696E672667743B53657175656E6365466C6F775F306F616A6C6361266C743B2F62706D6E323A6F7574676F696E672667743B0A20202020266C743B2F62706D6E323A757365725461736B2667743B0A20202020266C743B62706D6E323A757365725461736B2069643D2671756F743B636865636B322671756F743B206E616D653D2671756F743BE9AB98E7BAA7E5AEA1E6A0B82671756F743B2667743B0A202020202020266C743B62706D6E323A696E636F6D696E672667743B53657175656E6365466C6F775F30676D6D706972266C743B2F62706D6E323A696E636F6D696E672667743B0A202020202020266C743B62706D6E323A6F7574676F696E672667743B53657175656E6365466C6F775F306839347A676F266C743B2F62706D6E323A6F7574676F696E672667743B0A20202020266C743B2F62706D6E323A757365725461736B2667743B0A20202020266C743B62706D6E323A6578636C7573697665476174657761792069643D2671756F743B4578636C7573697665476174657761795F306863637737352671756F743B2667743B0A202020202020266C743B62706D6E323A696E636F6D696E672667743B53657175656E6365466C6F775F306F616A6C6361266C743B2F62706D6E323A696E636F6D696E672667743B0A202020202020266C743B62706D6E323A6F7574676F696E672667743B53657175656E6365466C6F775F306F6B61337975266C743B2F62706D6E323A6F7574676F696E672667743B0A202020202020266C743B62706D6E323A6F7574676F696E672667743B53657175656E6365466C6F775F30617070646B64266C743B2F62706D6E323A6F7574676F696E672667743B0A20202020266C743B2F62706D6E323A6578636C7573697665476174657761792667743B0A20202020266C743B62706D6E323A73657175656E6365466C6F772069643D2671756F743B53657175656E6365466C6F775F306F616A6C63612671756F743B20736F757263655265663D2671756F743B636865636B312671756F743B207461726765745265663D2671756F743B4578636C7573697665476174657761795F306863637737352671756F743B202F2667743B0A20202020266C743B62706D6E323A73657175656E6365466C6F772069643D2671756F743B53657175656E6365466C6F775F306F6B613379752671756F743B20736F757263655265663D2671756F743B4578636C7573697665476174657761795F306863637737352671756F743B207461726765745265663D2671756F743B496E7465726D6564696174655468726F774576656E745F316263763063692671756F743B2667743B0A202020202020266C743B62706D6E323A636F6E646974696F6E45787072657373696F6E207873693A747970653D2671756F743B62706D6E323A74466F726D616C45787072657373696F6E2671756F743B2667743B247B63757272656E742E73746174653D3D307D266C743B2F62706D6E323A636F6E646974696F6E45787072657373696F6E2667743B0A20202020266C743B2F62706D6E323A73657175656E6365466C6F772667743B0A20202020266C743B62706D6E323A656E644576656E742069643D2671756F743B496E7465726D6564696174655468726F774576656E745F316263763063692671756F743B2667743B0A202020202020266C743B62706D6E323A696E636F6D696E672667743B53657175656E6365466C6F775F306F6B61337975266C743B2F62706D6E323A696E636F6D696E672667743B0A20202020266C743B2F62706D6E323A656E644576656E742667743B0A20202020266C743B62706D6E323A6578636C7573697665476174657761792069643D2671756F743B4578636C7573697665476174657761795F3033373637366C2671756F743B2667743B0A202020202020266C743B62706D6E323A696E636F6D696E672667743B53657175656E6365466C6F775F306839347A676F266C743B2F62706D6E323A696E636F6D696E672667743B0A202020202020266C743B62706D6E323A6F7574676F696E672667743B53657175656E6365466C6F775F317779786F6F31266C743B2F62706D6E323A6F7574676F696E672667743B0A202020202020266C743B62706D6E323A6F7574676F696E672667743B53657175656E6365466C6F775F31766B62736865266C743B2F62706D6E323A6F7574676F696E672667743B0A20202020266C743B2F62706D6E323A6578636C7573697665476174657761792667743B0A20202020266C743B62706D6E323A73657175656E6365466C6F772069643D2671756F743B53657175656E6365466C6F775F306839347A676F2671756F743B20736F757263655265663D2671756F743B636865636B322671756F743B207461726765745265663D2671756F743B4578636C7573697665476174657761795F3033373637366C2671756F743B202F2667743B0A20202020266C743B62706D6E323A656E644576656E742069643D2671756F743B456E644576656E745F317731626936622671756F743B2667743B0A202020202020266C743B62706D6E323A696E636F6D696E672667743B53657175656E6365466C6F775F317779786F6F31266C743B2F62706D6E323A696E636F6D696E672667743B0A20202020266C743B2F62706D6E323A656E644576656E742667743B0A20202020266C743B62706D6E323A73657175656E6365466C6F772069643D2671756F743B53657175656E6365466C6F775F317779786F6F312671756F743B20736F757263655265663D2671756F743B4578636C7573697665476174657761795F3033373637366C2671756F743B207461726765745265663D2671756F743B456E644576656E745F317731626936622671756F743B2667743B0A202020202020266C743B62706D6E323A636F6E646974696F6E45787072657373696F6E207873693A747970653D2671756F743B62706D6E323A74466F726D616C45787072657373696F6E2671756F743B2667743B247B63757272656E742E73746174653D3D307D266C743B2F62706D6E323A636F6E646974696F6E45787072657373696F6E2667743B0A20202020266C743B2F62706D6E323A73657175656E6365466C6F772667743B0A20202020266C743B62706D6E323A73657175656E6365466C6F772069643D2671756F743B53657175656E6365466C6F775F30617070646B642671756F743B20736F757263655265663D2671756F743B4578636C7573697665476174657761795F306863637737352671756F743B207461726765745265663D2671756F743B636865636B332671756F743B2667743B0A202020202020266C743B62706D6E323A636F6E646974696F6E45787072657373696F6E207873693A747970653D2671756F743B62706D6E323A74466F726D616C45787072657373696F6E2671756F743B2667743B247B63757272656E742E73746174653D3D317D266C743B2F62706D6E323A636F6E646974696F6E45787072657373696F6E2667743B0A20202020266C743B2F62706D6E323A73657175656E6365466C6F772667743B0A20202020266C743B62706D6E323A73657175656E6365466C6F772069643D2671756F743B53657175656E6365466C6F775F31766B627368652671756F743B20736F757263655265663D2671756F743B4578636C7573697665476174657761795F3033373637366C2671756F743B207461726765745265663D2671756F743B636865636B332671756F743B2667743B0A202020202020266C743B62706D6E323A636F6E646974696F6E45787072657373696F6E207873693A747970653D2671756F743B62706D6E323A74466F726D616C45787072657373696F6E2671756F743B2667743B247B63757272656E742E73746174653D3D317D266C743B2F62706D6E323A636F6E646974696F6E45787072657373696F6E2667743B0A20202020266C743B2F62706D6E323A73657175656E6365466C6F772667743B0A20202020266C743B62706D6E323A757365725461736B2069643D2671756F743B636865636B332671756F743B206E616D653D2671756F743BE6B187E680BBE5AEA1E6A0B82671756F743B2667743B0A202020202020266C743B62706D6E323A696E636F6D696E672667743B53657175656E6365466C6F775F30617070646B64266C743B2F62706D6E323A696E636F6D696E672667743B0A202020202020266C743B62706D6E323A696E636F6D696E672667743B53657175656E6365466C6F775F31766B62736865266C743B2F62706D6E323A696E636F6D696E672667743B0A202020202020266C743B62706D6E323A6F7574676F696E672667743B53657175656E6365466C6F775F31696C61656270266C743B2F62706D6E323A6F7574676F696E672667743B0A20202020266C743B2F62706D6E323A757365725461736B2667743B0A20202020266C743B62706D6E323A656E644576656E742069643D2671756F743B456E644576656E745F316763393470302671756F743B2667743B0A202020202020266C743B62706D6E323A696E636F6D696E672667743B53657175656E6365466C6F775F31696C61656270266C743B2F62706D6E323A696E636F6D696E672667743B0A20202020266C743B2F62706D6E323A656E644576656E742667743B0A20202020266C743B62706D6E323A73657175656E6365466C6F772069643D2671756F743B53657175656E6365466C6F775F31696C616562702671756F743B20736F757263655265663D2671756F743B636865636B332671756F743B207461726765745265663D2671756F743B456E644576656E745F316763393470302671756F743B202F2667743B0A2020266C743B2F62706D6E323A70726F636573732667743B0A2020266C743B62706D6E64693A42504D4E4469616772616D2069643D2671756F743B42504D4E4469616772616D5F312671756F743B2667743B0A20202020266C743B62706D6E64693A42504D4E506C616E652069643D2671756F743B42504D4E506C616E655F312671756F743B2062706D6E456C656D656E743D2671756F743B50726F636573735F312671756F743B2667743B0A202020202020266C743B62706D6E64693A42504D4E53686170652069643D2671756F743B5F42504D4E53686170655F53746172744576656E745F322671756F743B2062706D6E456C656D656E743D2671756F743B53746172744576656E745F312671756F743B2667743B0A2020202020202020266C743B64633A426F756E647320783D2671756F743B3332382671756F743B20793D2671756F743B3235372671756F743B2077696474683D2671756F743B33362671756F743B206865696768743D2671756F743B33362671756F743B202F2667743B0A202020202020266C743B2F62706D6E64693A42504D4E53686170652667743B0A202020202020266C743B62706D6E64693A42504D4E53686170652069643D2671756F743B4578636C7573697665476174657761795F31393867306D395F64692671756F743B2062706D6E456C656D656E743D2671756F743B4578636C7573697665476174657761795F31393867306D392671756F743B2069734D61726B657256697369626C653D2671756F743B747275652671756F743B2667743B0A2020202020202020266C743B64633A426F756E647320783D2671756F743B3431342671756F743B20793D2671756F743B3235302671756F743B2077696474683D2671756F743B35302671756F743B206865696768743D2671756F743B35302671756F743B202F2667743B0A202020202020266C743B2F62706D6E64693A42504D4E53686170652667743B0A202020202020266C743B62706D6E64693A42504D4E456467652069643D2671756F743B53657175656E6365466C6F775F306137657632315F64692671756F743B2062706D6E456C656D656E743D2671756F743B53657175656E6365466C6F775F306137657632312671756F743B2667743B0A2020202020202020266C743B64693A776179706F696E7420783D2671756F743B3336342671756F743B20793D2671756F743B3237352671756F743B202F2667743B0A2020202020202020266C743B64693A776179706F696E7420783D2671756F743B3431342671756F743B20793D2671756F743B3237352671756F743B202F2667743B0A202020202020266C743B2F62706D6E64693A42504D4E456467652667743B0A202020202020266C743B62706D6E64693A42504D4E456467652069643D2671756F743B53657175656E6365466C6F775F31783037737A655F64692671756F743B2062706D6E456C656D656E743D2671756F743B53657175656E6365466C6F775F31783037737A652671756F743B2667743B0A2020202020202020266C743B64693A776179706F696E7420783D2671756F743B3433392671756F743B20793D2671756F743B3235302671756F743B202F2667743B0A2020202020202020266C743B64693A776179706F696E7420783D2671756F743B3433392671756F743B20793D2671756F743B3139382671756F743B202F2667743B0A2020202020202020266C743B64693A776179706F696E7420783D2671756F743B3539332671756F743B20793D2671756F743B3139382671756F743B202F2667743B0A202020202020266C743B2F62706D6E64693A42504D4E456467652667743B0A202020202020266C743B62706D6E64693A42504D4E456467652069643D2671756F743B53657175656E6365466C6F775F30676D6D7069725F64692671756F743B2062706D6E456C656D656E743D2671756F743B53657175656E6365466C6F775F30676D6D7069722671756F743B2667743B0A2020202020202020266C743B64693A776179706F696E7420783D2671756F743B3433392671756F743B20793D2671756F743B3330302671756F743B202F2667743B0A2020202020202020266C743B64693A776179706F696E7420783D2671756F743B3433392671756F743B20793D2671756F743B3333362671756F743B202F2667743B0A2020202020202020266C743B64693A776179706F696E7420783D2671756F743B3539332671756F743B20793D2671756F743B3333362671756F743B202F2667743B0A202020202020266C743B2F62706D6E64693A42504D4E456467652667743B0A202020202020266C743B62706D6E64693A42504D4E53686170652069643D2671756F743B557365725461736B5F306578673975785F64692671756F743B2062706D6E456C656D656E743D2671756F743B636865636B312671756F743B2667743B0A2020202020202020266C743B64633A426F756E647320783D2671756F743B3539332671756F743B20793D2671756F743B3135382671756F743B2077696474683D2671756F743B3130302671756F743B206865696768743D2671756F743B38302671756F743B202F2667743B0A202020202020266C743B2F62706D6E64693A42504D4E53686170652667743B0A202020202020266C743B62706D6E64693A42504D4E53686170652069643D2671756F743B557365725461736B5F306D34357A746D5F64692671756F743B2062706D6E456C656D656E743D2671756F743B636865636B322671756F743B2667743B0A2020202020202020266C743B64633A426F756E647320783D2671756F743B3539332671756F743B20793D2671756F743B3239362671756F743B2077696474683D2671756F743B3130302671756F743B206865696768743D2671756F743B38302671756F743B202F2667743B0A202020202020266C743B2F62706D6E64693A42504D4E53686170652667743B0A202020202020266C743B62706D6E64693A42504D4E53686170652069643D2671756F743B4578636C7573697665476174657761795F306863637737355F64692671756F743B2062706D6E456C656D656E743D2671756F743B4578636C7573697665476174657761795F306863637737352671756F743B2069734D61726B657256697369626C653D2671756F743B747275652671756F743B2667743B0A2020202020202020266C743B64633A426F756E647320783D2671756F743B3739342671756F743B20793D2671756F743B3137332671756F743B2077696474683D2671756F743B35302671756F743B206865696768743D2671756F743B35302671756F743B202F2667743B0A202020202020266C743B2F62706D6E64693A42504D4E53686170652667743B0A202020202020266C743B62706D6E64693A42504D4E456467652069643D2671756F743B53657175656E6365466C6F775F306F616A6C63615F64692671756F743B2062706D6E456C656D656E743D2671756F743B53657175656E6365466C6F775F306F616A6C63612671756F743B2667743B0A2020202020202020266C743B64693A776179706F696E7420783D2671756F743B3639332671756F743B20793D2671756F743B3139382671756F743B202F2667743B0A2020202020202020266C743B64693A776179706F696E7420783D2671756F743B3739342671756F743B20793D2671756F743B3139382671756F743B202F2667743B0A202020202020266C743B2F62706D6E64693A42504D4E456467652667743B0A202020202020266C743B62706D6E64693A42504D4E456467652069643D2671756F743B53657175656E6365466C6F775F306F6B613379755F64692671756F743B2062706D6E456C656D656E743D2671756F743B53657175656E6365466C6F775F306F6B613379752671756F743B2667743B0A2020202020202020266C743B64693A776179706F696E7420783D2671756F743B3831392671756F743B20793D2671756F743B3137332671756F743B202F2667743B0A2020202020202020266C743B64693A776179706F696E7420783D2671756F743B3831392671756F743B20793D2671756F743B3132332671756F743B202F2667743B0A2020202020202020266C743B64693A776179706F696E7420783D2671756F743B3937372671756F743B20793D2671756F743B3132332671756F743B202F2667743B0A202020202020266C743B2F62706D6E64693A42504D4E456467652667743B0A202020202020266C743B62706D6E64693A42504D4E53686170652069643D2671756F743B456E644576656E745F316B6D766134695F64692671756F743B2062706D6E456C656D656E743D2671756F743B496E7465726D6564696174655468726F774576656E745F316263763063692671756F743B2667743B0A2020202020202020266C743B64633A426F756E647320783D2671756F743B3937372671756F743B20793D2671756F743B3130352671756F743B2077696474683D2671756F743B33362671756F743B206865696768743D2671756F743B33362671756F743B202F2667743B0A202020202020266C743B2F62706D6E64693A42504D4E53686170652667743B0A202020202020266C743B62706D6E64693A42504D4E53686170652069643D2671756F743B4578636C7573697665476174657761795F3033373637366C5F64692671756F743B2062706D6E456C656D656E743D2671756F743B4578636C7573697665476174657761795F3033373637366C2671756F743B2069734D61726B657256697369626C653D2671756F743B747275652671756F743B2667743B0A2020202020202020266C743B64633A426F756E647320783D2671756F743B3739342671756F743B20793D2671756F743B3331312671756F743B2077696474683D2671756F743B35302671756F743B206865696768743D2671756F743B35302671756F743B202F2667743B0A202020202020266C743B2F62706D6E64693A42504D4E53686170652667743B0A202020202020266C743B62706D6E64693A42504D4E456467652069643D2671756F743B53657175656E6365466C6F775F306839347A676F5F64692671756F743B2062706D6E456C656D656E743D2671756F743B53657175656E6365466C6F775F306839347A676F2671756F743B2667743B0A2020202020202020266C743B64693A776179706F696E7420783D2671756F743B3639332671756F743B20793D2671756F743B3333362671756F743B202F2667743B0A2020202020202020266C743B64693A776179706F696E7420783D2671756F743B3739342671756F743B20793D2671756F743B3333362671756F743B202F2667743B0A202020202020266C743B2F62706D6E64693A42504D4E456467652667743B0A202020202020266C743B62706D6E64693A42504D4E53686170652069643D2671756F743B456E644576656E745F317731626936625F64692671756F743B2062706D6E456C656D656E743D2671756F743B456E644576656E745F317731626936622671756F743B2667743B0A2020202020202020266C743B64633A426F756E647320783D2671756F743B3937372671756F743B20793D2671756F743B3338372671756F743B2077696474683D2671756F743B33362671756F743B206865696768743D2671756F743B33362671756F743B202F2667743B0A202020202020266C743B2F62706D6E64693A42504D4E53686170652667743B0A202020202020266C743B62706D6E64693A42504D4E456467652069643D2671756F743B53657175656E6365466C6F775F317779786F6F315F64692671756F743B2062706D6E456C656D656E743D2671756F743B53657175656E6365466C6F775F317779786F6F312671756F743B2667743B0A2020202020202020266C743B64693A776179706F696E7420783D2671756F743B3831392671756F743B20793D2671756F743B3336312671756F743B202F2667743B0A2020202020202020266C743B64693A776179706F696E7420783D2671756F743B3831392671756F743B20793D2671756F743B3430352671756F743B202F2667743B0A2020202020202020266C743B64693A776179706F696E7420783D2671756F743B3937372671756F743B20793D2671756F743B3430352671756F743B202F2667743B0A202020202020266C743B2F62706D6E64693A42504D4E456467652667743B0A202020202020266C743B62706D6E64693A42504D4E456467652069643D2671756F743B53657175656E6365466C6F775F30617070646B645F64692671756F743B2062706D6E456C656D656E743D2671756F743B53657175656E6365466C6F775F30617070646B642671756F743B2667743B0A2020202020202020266C743B64693A776179706F696E7420783D2671756F743B3831392671756F743B20793D2671756F743B3232332671756F743B202F2667743B0A2020202020202020266C743B64693A776179706F696E7420783D2671756F743B3831392671756F743B20793D2671756F743B3236382671756F743B202F2667743B0A2020202020202020266C743B64693A776179706F696E7420783D2671756F743B3934342671756F743B20793D2671756F743B3236382671756F743B202F2667743B0A202020202020266C743B2F62706D6E64693A42504D4E456467652667743B0A202020202020266C743B62706D6E64693A42504D4E456467652069643D2671756F743B53657175656E6365466C6F775F31766B627368655F64692671756F743B2062706D6E456C656D656E743D2671756F743B53657175656E6365466C6F775F31766B627368652671756F743B2667743B0A2020202020202020266C743B64693A776179706F696E7420783D2671756F743B3831392671756F743B20793D2671756F743B3331312671756F743B202F2667743B0A2020202020202020266C743B64693A776179706F696E7420783D2671756F743B3831392671756F743B20793D2671756F743B3236382671756F743B202F2667743B0A2020202020202020266C743B64693A776179706F696E7420783D2671756F743B3934342671756F743B20793D2671756F743B3236382671756F743B202F2667743B0A202020202020266C743B2F62706D6E64693A42504D4E456467652667743B0A202020202020266C743B62706D6E64693A42504D4E53686170652069643D2671756F743B557365725461736B5F30736B343168665F64692671756F743B2062706D6E456C656D656E743D2671756F743B636865636B332671756F743B2667743B0A2020202020202020266C743B64633A426F756E647320783D2671756F743B3934342671756F743B20793D2671756F743B3232382671756F743B2077696474683D2671756F743B3130302671756F743B206865696768743D2671756F743B38302671756F743B202F2667743B0A202020202020266C743B2F62706D6E64693A42504D4E53686170652667743B0A202020202020266C743B62706D6E64693A42504D4E53686170652069643D2671756F743B456E644576656E745F316763393470305F64692671756F743B2062706D6E456C656D656E743D2671756F743B456E644576656E745F316763393470302671756F743B2667743B0A2020202020202020266C743B64633A426F756E647320783D2671756F743B313134342671756F743B20793D2671756F743B3235302671756F743B2077696474683D2671756F743B33362671756F743B206865696768743D2671756F743B33362671756F743B202F2667743B0A202020202020266C743B2F62706D6E64693A42504D4E53686170652667743B0A202020202020266C743B62706D6E64693A42504D4E456467652069643D2671756F743B53657175656E6365466C6F775F31696C616562705F64692671756F743B2062706D6E456C656D656E743D2671756F743B53657175656E6365466C6F775F31696C616562702671756F743B2667743B0A2020202020202020266C743B64693A776179706F696E7420783D2671756F743B313034342671756F743B20793D2671756F743B3236382671756F743B202F2667743B0A2020202020202020266C743B64693A776179706F696E7420783D2671756F743B313134342671756F743B20793D2671756F743B3236382671756F743B202F2667743B0A202020202020266C743B2F62706D6E64693A42504D4E456467652667743B0A20202020266C743B2F62706D6E64693A42504D4E506C616E652667743B0A2020266C743B2F62706D6E64693A42504D4E4469616772616D2667743B0A266C743B2F62706D6E323A646566696E6974696F6E732667743B, '7', '17');

-- ----------------------------
-- Table structure for t_polar_flow_data
-- ----------------------------
DROP TABLE IF EXISTS `t_polar_flow_data`;
CREATE TABLE `t_polar_flow_data` (
  `id` int(11) NOT NULL AUTO_INCREMENT COMMENT '编号',
  `title` varchar(200) NOT NULL COMMENT '流程标题',
  `createDate` datetime NOT NULL COMMENT '创建时间',
  `createUser` varchar(50) DEFAULT NULL COMMENT '创建人',
  `flowId` int(11) NOT NULL COMMENT '流程编号',
  `processId` varchar(50) NOT NULL COMMENT 'activiti的processInstanceId',
  `state` int(11) NOT NULL DEFAULT '0' COMMENT '当前状态',
  `displayJson` blob COMMENT '展示的json',
  `realJson` blob COMMENT '真实的json数据',
  `currentOperate` varchar(50) DEFAULT NULL COMMENT '当前操作组',
  `currentKey` varchar(255) DEFAULT NULL,
  PRIMARY KEY (`id`)
) ENGINE=InnoDB AUTO_INCREMENT=20 DEFAULT CHARSET=utf8mb4 COMMENT='流程数据';

-- ----------------------------
-- Records of t_polar_flow_data
-- ----------------------------

-- ----------------------------
-- Table structure for t_polar_flow_form
-- ----------------------------
DROP TABLE IF EXISTS `t_polar_flow_form`;
CREATE TABLE `t_polar_flow_form` (
  `id` int(11) NOT NULL AUTO_INCREMENT COMMENT '编号',
  `formName` varchar(50) DEFAULT NULL COMMENT '表单名称',
  `formDescribe` varchar(2000) DEFAULT NULL COMMENT '表单描述',
  `createUser` varchar(50) NOT NULL COMMENT '创建人',
  `createDate` datetime DEFAULT NULL COMMENT '创建时间',
  `formType` int(11) DEFAULT '0' COMMENT '表单类型(0-流程表单，1-操作表单)',
  `formWidth` varchar(50) NOT NULL DEFAULT '1000' COMMENT '表单宽度',
  `formHeight` varchar(50) NOT NULL DEFAULT '800' COMMENT '表单高度',
  `buttonName` varchar(50) NOT NULL DEFAULT '审批' COMMENT '操作按钮名称',
  `formTitle` varchar(50) NOT NULL DEFAULT '审批' COMMENT '表单标题',
  `functionName` varchar(255) NOT NULL COMMENT '功能名称',
  PRIMARY KEY (`id`)
) ENGINE=InnoDB AUTO_INCREMENT=9 DEFAULT CHARSET=utf8mb4 COMMENT='流程表单';

-- ----------------------------
-- Records of t_polar_flow_form
-- ----------------------------
INSERT INTO `t_polar_flow_form` VALUES ('1', 'test', 'test', '1', '2018-08-14 10:11:39', '0', '800px', '600px', 'test', 'test', 'test');
INSERT INTO `t_polar_flow_form` VALUES ('7', '请假表单', '请假表单', '1', '2018-08-30 14:42:14', '0', '800px', '600px', '请假', '请假', '请假');
INSERT INTO `t_polar_flow_form` VALUES ('8', '请假审核表单', null, '1', '2018-08-30 14:44:18', '1', '400px', '400px', '审核', '审核', '审核');

-- ----------------------------
-- Table structure for t_polar_flow_form_column
-- ----------------------------
DROP TABLE IF EXISTS `t_polar_flow_form_column`;
CREATE TABLE `t_polar_flow_form_column` (
  `id` int(11) NOT NULL AUTO_INCREMENT COMMENT '编号',
  `label` varchar(50) NOT NULL COMMENT '列名',
  `typeStr` int(11) NOT NULL DEFAULT '0' COMMENT '列类型',
  `extendsJson` varchar(500) DEFAULT NULL COMMENT '扩展参数',
  `validateType` varchar(200) DEFAULT NULL COMMENT '校验方式',
  `placeholder` varchar(200) DEFAULT NULL COMMENT '提示语',
  `small` int(11) NOT NULL DEFAULT '12' COMMENT '手机占比',
  `middle` int(11) NOT NULL DEFAULT '3' COMMENT '平板占比',
  `big` int(11) NOT NULL DEFAULT '4' COMMENT '电脑占比',
  `orderNum` int(11) NOT NULL COMMENT '排序号',
  `formId` int(11) NOT NULL COMMENT '表单编号',
  `keyStr` varchar(255) NOT NULL,
    `larger` int(11) NOT NULL DEFAULT '3' COMMENT '超大屏占比',
  PRIMARY KEY (`id`)
) ENGINE=InnoDB AUTO_INCREMENT=273 DEFAULT CHARSET=utf8mb4 COMMENT='表单列属性';

-- ----------------------------
-- Records of t_polar_flow_form_column
-- ----------------------------
INSERT INTO `t_polar_flow_form_column` VALUES ('243', '整数值', '2', 'maxLength:3,minLength:1', '1', '请输入整数值', '12', '6', '4', '2', '1', 'zhengshu',3);
INSERT INTO `t_polar_flow_form_column` VALUES ('244', '浮点数', '3', 'maxLength:3,minLength:1', '1', '输入浮点数', '12', '6', '4', '3', '1', 'fds',3);
INSERT INTO `t_polar_flow_form_column` VALUES ('245', '文本域', '1', 'maxLength:200,minLength:10', '1,5,6', '测试文本域', '12', '12', '12', '4', '1', 'textArea',3);
INSERT INTO `t_polar_flow_form_column` VALUES ('246', '性别', '4', 'name:CHECKSTATE,emptyValue:请选择审核状态', null, '请输入性别', '12', '6', '6', '5', '1', 'sex',3);
INSERT INTO `t_polar_flow_form_column` VALUES ('247', '富文本', '5', 'maxLength:200,minLengh:10', null, '请输入', '12', '12', '12', '6', '1', 'rich',3);
INSERT INTO `t_polar_flow_form_column` VALUES ('248', '日期', '6', 'format:yyyy-MM-dd', null, '请输入', '12', '6', '4', '7', '1', 'time1',3);
INSERT INTO `t_polar_flow_form_column` VALUES ('249', '日期2', '6', 'format:yyyy-MM-dd HH/mm/ss,type:datetime', null, '日期2', '12', '6', '4', '8', '1', 'time2',3);
INSERT INTO `t_polar_flow_form_column` VALUES ('250', '单图片', '8', 'width:80px,height:80px', null, '请输入', '12', '12', '12', '10', '1', 'img',3);
INSERT INTO `t_polar_flow_form_column` VALUES ('251', '多图片', '9', 'width:80px,height:80px,max:3', null, '多图片', '12', '12', '12', '11', '1', 'imgs',3);
INSERT INTO `t_polar_flow_form_column` VALUES ('252', '单文件', '10', 'type:file', null, '单文件', '12', '12', '12', '13', '1', 'singleFile',3);
INSERT INTO `t_polar_flow_form_column` VALUES ('253', '多文件', '11', 'type:file,max:3', null, '多文件', '12', '12', '12', '14', '1', 'files',3);
INSERT INTO `t_polar_flow_form_column` VALUES ('254', '单选树', '12', 'title:请输入,name:ZW', null, '单选树', '12', '6', '4', '15', '1', 'singleTree',3);
INSERT INTO `t_polar_flow_form_column` VALUES ('255', '多选树', '13', 'title:多选,name:ZW', null, '多选树', '12', '6', '4', '16', '1', 'trees',3);
INSERT INTO `t_polar_flow_form_column` VALUES ('256', '省市区', '14', null, null, '省市区', '12', '6', '4', '17', '1', 'province',3);
INSERT INTO `t_polar_flow_form_column` VALUES ('257', 'abc', '15', null, null, null, '12', '12', '12', '20', '1', 'abc',3);
INSERT INTO `t_polar_flow_form_column` VALUES ('266', '请假天数', '2', null, '1', '请输入请假天数', '12', '6', '4', '1', '7', 'days',3);
INSERT INTO `t_polar_flow_form_column` VALUES ('267', '请假时间', '6', 'format:yyyy-MM-dd', '1', '请输入请假时间', '12', '6', '4', '2', '7', 'time',3);
INSERT INTO `t_polar_flow_form_column` VALUES ('268', '请假类型', '4', 'name:LEVELTYPE', null, '请假类型', '12', '6', '4', '3', '7', 'type',3);
INSERT INTO `t_polar_flow_form_column` VALUES ('271', '审核状态', '4', 'name:CHECKSTATE', null, '请输入审核状态', '12', '12', '12', '1', '8', 'state',3);
INSERT INTO `t_polar_flow_form_column` VALUES ('272', '审核意见', '1', 'maxLength:200,minLength:10', '1', '请输入审核意见', '12', '12', '12', '2', '8', 'yj',3);

-- ----------------------------
-- Table structure for t_polar_flow_form_data
-- ----------------------------
DROP TABLE IF EXISTS `t_polar_flow_form_data`;
CREATE TABLE `t_polar_flow_form_data` (
  `id` int(11) NOT NULL AUTO_INCREMENT COMMENT '编号',
  `formId` int(11) NOT NULL COMMENT '表单编号',
  `formColumnId` int(11) DEFAULT NULL COMMENT '表单列编号',
  `formValue` blob COMMENT '表单值',
  `businessId` varchar(50) DEFAULT NULL COMMENT '业务流程的编号',
  PRIMARY KEY (`id`)
) ENGINE=InnoDB AUTO_INCREMENT=175 DEFAULT CHARSET=utf8mb4 COMMENT='表单数据';

-- ----------------------------
-- Records of t_polar_flow_form_data
-- ----------------------------

-- ----------------------------
-- Table structure for t_polar_flow_form_matches
-- ----------------------------
DROP TABLE IF EXISTS `t_polar_flow_form_matches`;
CREATE TABLE `t_polar_flow_form_matches` (
  `id` int(11) NOT NULL AUTO_INCREMENT COMMENT '主键',
  `flowId` int(11) NOT NULL COMMENT '流程编号',
  `formId` int(11) NOT NULL COMMENT '表单编号',
  `groupId` int(11) DEFAULT NULL COMMENT '可执行组编号',
  `keyStr` varchar(50) NOT NULL COMMENT '流程的key',
  PRIMARY KEY (`id`)
) ENGINE=InnoDB AUTO_INCREMENT=8 DEFAULT CHARSET=utf8mb4 COMMENT='流程表单匹配表';

-- ----------------------------
-- Records of t_polar_flow_form_matches
-- ----------------------------
INSERT INTO `t_polar_flow_form_matches` VALUES ('5', '6', '8', '14', 'check1');
INSERT INTO `t_polar_flow_form_matches` VALUES ('6', '6', '8', '15', 'check2');
INSERT INTO `t_polar_flow_form_matches` VALUES ('7', '6', '8', '16', 'check3');

-- ----------------------------
-- Table structure for t_polar_flow_group
-- ----------------------------
DROP TABLE IF EXISTS `t_polar_flow_group`;
CREATE TABLE `t_polar_flow_group` (
  `id` int(11) NOT NULL AUTO_INCREMENT COMMENT '编号',
  `groupName` varchar(50) NOT NULL COMMENT '分组名称',
  `groupDecribe` varchar(2000) DEFAULT NULL COMMENT '组描述',
  PRIMARY KEY (`id`)
) ENGINE=InnoDB AUTO_INCREMENT=18 DEFAULT CHARSET=utf8mb4 COMMENT='流程用户组';

-- ----------------------------
-- Records of t_polar_flow_group
-- ----------------------------
INSERT INTO `t_polar_flow_group` VALUES ('14', '请假审核-初级', '请假审核-初级，请假天数&lt;3天时，由此组审核');
INSERT INTO `t_polar_flow_group` VALUES ('15', '请假审核-高级', '请假审核-高级，请假天数&gt;=3天时，由此组审核');
INSERT INTO `t_polar_flow_group` VALUES ('16', '请假总审核员', '请假总审核员，请假完成后，由其来汇总审核');
INSERT INTO `t_polar_flow_group` VALUES ('17', '请假人群', '请假人群');

-- ----------------------------
-- Table structure for t_polar_flow_group_user
-- ----------------------------
DROP TABLE IF EXISTS `t_polar_flow_group_user`;
CREATE TABLE `t_polar_flow_group_user` (
  `id` int(11) NOT NULL AUTO_INCREMENT COMMENT '编号',
  `groupId` int(11) NOT NULL COMMENT '组编号',
  `userId` varchar(50) NOT NULL COMMENT '用户编号',
  PRIMARY KEY (`id`)
) ENGINE=InnoDB AUTO_INCREMENT=44 DEFAULT CHARSET=utf8mb4 COMMENT='组成员';

-- ----------------------------
-- Records of t_polar_flow_group_user
-- ----------------------------
INSERT INTO `t_polar_flow_group_user` VALUES ('37', '17', '1');
INSERT INTO `t_polar_flow_group_user` VALUES ('38', '14', '2');
INSERT INTO `t_polar_flow_group_user` VALUES ('39', '14', '1');
INSERT INTO `t_polar_flow_group_user` VALUES ('40', '15', '3');
INSERT INTO `t_polar_flow_group_user` VALUES ('41', '15', '1');
INSERT INTO `t_polar_flow_group_user` VALUES ('42', '16', '4');
INSERT INTO `t_polar_flow_group_user` VALUES ('43', '16', '1');

-- ----------------------------
-- Table structure for t_polar_flow_log
-- ----------------------------
DROP TABLE IF EXISTS `t_polar_flow_log`;
CREATE TABLE `t_polar_flow_log` (
  `id` int(11) NOT NULL AUTO_INCREMENT COMMENT '编号',
  `flowDataId` int(11) NOT NULL COMMENT '流程数据编号',
  `logContent` varchar(500) DEFAULT NULL COMMENT '操作日志',
  `createDate` datetime DEFAULT NULL COMMENT '创建时间',
  `createUser` varchar(255) DEFAULT NULL COMMENT '创建人',
  `flowId` int(11) NOT NULL,
  `displayJson` blob,
  `formWidth` varchar(50) DEFAULT NULL,
  `formHeight` varchar(50) DEFAULT NULL,
  `type` int(1) DEFAULT NULL,
  PRIMARY KEY (`id`)
) ENGINE=InnoDB AUTO_INCREMENT=91 DEFAULT CHARSET=utf8mb4 ROW_FORMAT=COMPACT COMMENT='流程操作日志';

-- ----------------------------
-- Records of t_polar_flow_log
-- ----------------------------

-- ----------------------------
-- Table structure for t_polar_logs
-- ----------------------------
DROP TABLE IF EXISTS `t_polar_logs`;
CREATE TABLE `t_polar_logs` (
  `id` int(11) NOT NULL AUTO_INCREMENT,
  `message` varchar(5000) DEFAULT NULL COMMENT '错误信息',
  `interfaceName` varchar(2000) DEFAULT NULL COMMENT '接口名称',
  `caseBy` mediumtext COMMENT '引起的原因',
  `createTime` datetime DEFAULT NULL COMMENT '创建时间',
  `createTimeMillions` bigint(11) DEFAULT NULL COMMENT '创建时间毫秒',
  `userId` varchar(50) DEFAULT NULL COMMENT '当前登录用户',
  PRIMARY KEY (`id`)
) ENGINE=InnoDB AUTO_INCREMENT=17 DEFAULT CHARSET=utf8mb4 COMMENT='日志记录表';

-- ----------------------------
-- Records of t_polar_logs
-- ----------------------------

-- ----------------------------
-- Table structure for t_polar_menu
-- ----------------------------
DROP TABLE IF EXISTS `t_polar_menu`;
CREATE TABLE `t_polar_menu` (
  `id` bigint(50) NOT NULL AUTO_INCREMENT COMMENT '编号',
  `parentId` bigint(50) DEFAULT NULL,
  `name` varchar(500) NOT NULL COMMENT '菜单名称',
  `icon` varchar(255) DEFAULT NULL COMMENT '菜单图标',
  `path` varchar(2000) DEFAULT NULL COMMENT '访问路径',
  `orderNum` int(11) NOT NULL COMMENT '排序号',
  `defaultOpen` int(1) NOT NULL DEFAULT '0' COMMENT '默认展开（0-不展开，1-展开）',
  PRIMARY KEY (`id`)
) ENGINE=InnoDB AUTO_INCREMENT=62 DEFAULT CHARSET=utf8mb4 COMMENT='菜单';

-- ----------------------------
-- Records of t_polar_menu
-- ----------------------------
INSERT INTO `t_polar_menu` VALUES ('1', null, '首页', 'home', '/firstPage', '1', '0');
INSERT INTO `t_polar_menu` VALUES ('2', null, '数据管理', 'database', null, '2', '0');
INSERT INTO `t_polar_menu` VALUES ('3', '2', '字典管理', 'book', '/dict/web', '1', '0');
INSERT INTO `t_polar_menu` VALUES ('4', '2', '树结构管理', 'tree', '/tree/web', '2', '0');
INSERT INTO `t_polar_menu` VALUES ('5', null, '日志管理', 'file-text-o', '/logs/web', '3', '0');
INSERT INTO `t_polar_menu` VALUES ('6', null, '权限管理', 'lock', null, '4', '0');
INSERT INTO `t_polar_menu` VALUES ('7', '6', '权限管理', 'lock', '/permission/web', '1', '0');
INSERT INTO `t_polar_menu` VALUES ('8', '6', '角色管理', 'users', '/role/web', '2', '0');
INSERT INTO `t_polar_menu` VALUES ('9', '6', '资源管理', 'link', '/resource/web', '3', '0');
INSERT INTO `t_polar_menu` VALUES ('10', null, '菜单管理', 'reorder', null, '5', '0');
INSERT INTO `t_polar_menu` VALUES ('11', '10', '模板管理', 'edit', '/menuModel/web', '1', '0');
INSERT INTO `t_polar_menu` VALUES ('12', '10', '菜单管理', 'th-list', '/menu/web', '2', '0');
INSERT INTO `t_polar_menu` VALUES ('13', null, '代码生成', 'code', '/code/web', '6', '0');
INSERT INTO `t_polar_menu` VALUES ('14', '16', '用户管理', 'user', '/user/web', '1', '0');
INSERT INTO `t_polar_menu` VALUES ('15', null, '访问记录', 'history', '/records/web', '8', '0');
INSERT INTO `t_polar_menu` VALUES ('16', null, '系统管理', 'cog', null, '7', '0');
INSERT INTO `t_polar_menu` VALUES ('17', '16', '机构管理', 'group', '/org/web', '2', '0');
INSERT INTO `t_polar_menu` VALUES ('18', null, '开发文档', 'file-code-o', null, '10', '0');
INSERT INTO `t_polar_menu` VALUES ('19', '18', '前端', null, null, '1', '0');
INSERT INTO `t_polar_menu` VALUES ('20', '18', '后台', null, null, '2', '0');
INSERT INTO `t_polar_menu` VALUES ('21', '19', 'js文档', null, null, '2', '0');
INSERT INTO `t_polar_menu` VALUES ('22', '21', '加载器', null, '/developmentDocument?folder=front,js,loader,loader', '6', '0');
INSERT INTO `t_polar_menu` VALUES ('23', '21', '基础文档', null, '/developmentDocument?folder=front,js,common,common', '1', '0');
INSERT INTO `t_polar_menu` VALUES ('24', '21', '对话框', null, '/developmentDocument?folder=front,js,dialog,dialog', '2', '0');
INSERT INTO `t_polar_menu` VALUES ('25', '21', '图层', null, '/developmentDocument?folder=front,js,layer,layer', '5', '0');
INSERT INTO `t_polar_menu` VALUES ('26', '21', '表单', null, '/developmentDocument?folder=front,js,form,form', '4', '0');
INSERT INTO `t_polar_menu` VALUES ('27', '21', '表格', null, null, '7', '0');
INSERT INTO `t_polar_menu` VALUES ('28', '27', '普通表格', null, '/developmentDocument?folder=front,js,table,table', '1', '0');
INSERT INTO `t_polar_menu` VALUES ('29', '27', '静态表格', null, '/developmentDocument?folder=front,js,table,static', '2', '0');
INSERT INTO `t_polar_menu` VALUES ('30', '27', '树结构表格', null, '/developmentDocument?folder=front,js,table,tree', '3', '0');
INSERT INTO `t_polar_menu` VALUES ('31', '19', '标签库', null, null, '3', '0');
INSERT INTO `t_polar_menu` VALUES ('32', '31', '输入框', null, '/developmentDocument?folder=front,tag,input', '1', '0');
INSERT INTO `t_polar_menu` VALUES ('33', '31', '引入标签库', null, '/developmentDocument?folder=front,tag,importtag', '0', '0');
INSERT INTO `t_polar_menu` VALUES ('34', '31', '下拉列表', null, '/developmentDocument?folder=front,tag,select', '2', '0');
INSERT INTO `t_polar_menu` VALUES ('35', '31', '复选框', null, '/developmentDocument?folder=front,tag,ck', '3', '0');
INSERT INTO `t_polar_menu` VALUES ('36', '31', '区域选择', null, '/developmentDocument?folder=front,tag,area', '4', '0');
INSERT INTO `t_polar_menu` VALUES ('37', '31', '树结构', null, '/developmentDocument?folder=front,tag,tree', '5', '0');
INSERT INTO `t_polar_menu` VALUES ('38', '31', '文本域', null, '/developmentDocument?folder=front,tag,textarea', '6', '0');
INSERT INTO `t_polar_menu` VALUES ('39', '31', '富文本', null, '/developmentDocument?folder=front,tag,richtext', '7', '0');
INSERT INTO `t_polar_menu` VALUES ('40', '31', '图片上传', null, '/developmentDocument?folder=front,tag,img', '8', '0');
INSERT INTO `t_polar_menu` VALUES ('41', '31', '文件上传', null, '/developmentDocument?folder=front,tag,file', '9', '0');
INSERT INTO `t_polar_menu` VALUES ('42', '31', '数据操作', null, '/developmentDocument?folder=front,tag,data', '10', '0');
INSERT INTO `t_polar_menu` VALUES ('43', '19', 'css', null, null, '1', '0');
INSERT INTO `t_polar_menu` VALUES ('44', '43', '列表', null, '/developmentDocument?folder=front,css,list,list', '1', '0');
INSERT INTO `t_polar_menu` VALUES ('45', '43', '详情', null, '/developmentDocument?folder=front,css,detail,detail', '2', '0');
INSERT INTO `t_polar_menu` VALUES ('46', '20', '缓存', null, '/developmentDocument?folder=background,cache,cache', '1', '0');
INSERT INTO `t_polar_menu` VALUES ('47', '20', '异常处理', null, '/developmentDocument?folder=background,err,err', '2', '0');
INSERT INTO `t_polar_menu` VALUES ('48', '20', '数据校验', null, '/developmentDocument?folder=background,validate,validate', '3', '0');
INSERT INTO `t_polar_menu` VALUES ('49', null, '工作流', 'line-chart', null, '9', '0');
INSERT INTO `t_polar_menu` VALUES ('50', '49', '操作组', 'group', '/group/web', '1', '0');
INSERT INTO `t_polar_menu` VALUES ('51', '49', '表单管理', 'table', '/form/web', '2', '0');
INSERT INTO `t_polar_menu` VALUES ('52', '49', '流程管理', 'gear', '/flow/web', '3', '0');
INSERT INTO `t_polar_menu` VALUES ('53', null, '示例', 'bug', null, '11', '0');
INSERT INTO `t_polar_menu` VALUES ('54', '53', '请假', 'hospital-o', null, '1', '0');
INSERT INTO `t_polar_menu` VALUES ('55', '54', '请假', 'heart', '/business/web/launchPage/6', '1', '0');
INSERT INTO `t_polar_menu` VALUES ('56', '54', '我的请假', 'history', '/business/web/myList/6', '2', '0');
INSERT INTO `t_polar_menu` VALUES ('57', '54', '待我审批', 'check-square', '/business/web/toDoList/6', '3', '0');
INSERT INTO `t_polar_menu` VALUES ('58', '54', '我审批的', 'check-square-o', '/business/web/doneList/6', '4', '0');
INSERT INTO `t_polar_menu` VALUES ('59', '54', '请假记录', 'line-chart', '/business/web/allList/6', '5', '0');
INSERT INTO `t_polar_menu` VALUES ('60', '18', '接口文档', 'internet-explorer', '/api', '3', '0');
INSERT INTO `t_polar_menu` VALUES ('61', '16', '支付配置', 'credit-card', '/pay/config/edit', '3', '0');

-- ----------------------------
-- Table structure for t_polar_menu_model
-- ----------------------------
DROP TABLE IF EXISTS `t_polar_menu_model`;
CREATE TABLE `t_polar_menu_model` (
  `id` bigint(50) NOT NULL AUTO_INCREMENT,
  `name` varchar(500) NOT NULL COMMENT '模板名称',
  `info` varchar(2000) DEFAULT NULL COMMENT '模板描述',
  `defaultMenu` int(11) NOT NULL DEFAULT '0' COMMENT '默认模板（0-否，1-是）',
  PRIMARY KEY (`id`)
) ENGINE=InnoDB AUTO_INCREMENT=3 DEFAULT CHARSET=utf8mb4 ROW_FORMAT=COMPACT COMMENT='菜单模板';

-- ----------------------------
-- Records of t_polar_menu_model
-- ----------------------------
INSERT INTO `t_polar_menu_model` VALUES ('1', '默认菜单', '默认菜单，所有后台用户默认使用此菜单。', '1');
INSERT INTO `t_polar_menu_model` VALUES ('2', '请假审核员模板', '请假审核员菜单模板', '0');

-- ----------------------------
-- Table structure for t_polar_menumodel_menu
-- ----------------------------
DROP TABLE IF EXISTS `t_polar_menumodel_menu`;
CREATE TABLE `t_polar_menumodel_menu` (
  `id` bigint(50) NOT NULL AUTO_INCREMENT,
  `menuId` bigint(50) NOT NULL COMMENT '菜单编号',
  `menuModelId` bigint(50) NOT NULL COMMENT '菜单模板编号',
  PRIMARY KEY (`id`),
  UNIQUE KEY `union_key_menu_menuModel` (`menuId`,`menuModelId`) USING BTREE
) ENGINE=InnoDB AUTO_INCREMENT=306 DEFAULT CHARSET=utf8mb4 ROW_FORMAT=COMPACT COMMENT='菜单模板-菜单表';

-- ----------------------------
-- Records of t_polar_menumodel_menu
-- ----------------------------
INSERT INTO `t_polar_menumodel_menu` VALUES ('245', '1', '1');
INSERT INTO `t_polar_menumodel_menu` VALUES ('246', '2', '1');
INSERT INTO `t_polar_menumodel_menu` VALUES ('247', '3', '1');
INSERT INTO `t_polar_menumodel_menu` VALUES ('248', '4', '1');
INSERT INTO `t_polar_menumodel_menu` VALUES ('249', '5', '1');
INSERT INTO `t_polar_menumodel_menu` VALUES ('250', '6', '1');
INSERT INTO `t_polar_menumodel_menu` VALUES ('251', '7', '1');
INSERT INTO `t_polar_menumodel_menu` VALUES ('252', '8', '1');
INSERT INTO `t_polar_menumodel_menu` VALUES ('253', '9', '1');
INSERT INTO `t_polar_menumodel_menu` VALUES ('254', '10', '1');
INSERT INTO `t_polar_menumodel_menu` VALUES ('255', '11', '1');
INSERT INTO `t_polar_menumodel_menu` VALUES ('256', '12', '1');
INSERT INTO `t_polar_menumodel_menu` VALUES ('257', '13', '1');
INSERT INTO `t_polar_menumodel_menu` VALUES ('259', '14', '1');
INSERT INTO `t_polar_menumodel_menu` VALUES ('262', '15', '1');
INSERT INTO `t_polar_menumodel_menu` VALUES ('258', '16', '1');
INSERT INTO `t_polar_menumodel_menu` VALUES ('260', '17', '1');
INSERT INTO `t_polar_menumodel_menu` VALUES ('267', '18', '1');
INSERT INTO `t_polar_menumodel_menu` VALUES ('268', '19', '1');
INSERT INTO `t_polar_menumodel_menu` VALUES ('294', '20', '1');
INSERT INTO `t_polar_menumodel_menu` VALUES ('272', '21', '1');
INSERT INTO `t_polar_menumodel_menu` VALUES ('277', '22', '1');
INSERT INTO `t_polar_menumodel_menu` VALUES ('273', '23', '1');
INSERT INTO `t_polar_menumodel_menu` VALUES ('274', '24', '1');
INSERT INTO `t_polar_menumodel_menu` VALUES ('276', '25', '1');
INSERT INTO `t_polar_menumodel_menu` VALUES ('275', '26', '1');
INSERT INTO `t_polar_menumodel_menu` VALUES ('278', '27', '1');
INSERT INTO `t_polar_menumodel_menu` VALUES ('279', '28', '1');
INSERT INTO `t_polar_menumodel_menu` VALUES ('280', '29', '1');
INSERT INTO `t_polar_menumodel_menu` VALUES ('281', '30', '1');
INSERT INTO `t_polar_menumodel_menu` VALUES ('282', '31', '1');
INSERT INTO `t_polar_menumodel_menu` VALUES ('284', '32', '1');
INSERT INTO `t_polar_menumodel_menu` VALUES ('283', '33', '1');
INSERT INTO `t_polar_menumodel_menu` VALUES ('285', '34', '1');
INSERT INTO `t_polar_menumodel_menu` VALUES ('286', '35', '1');
INSERT INTO `t_polar_menumodel_menu` VALUES ('287', '36', '1');
INSERT INTO `t_polar_menumodel_menu` VALUES ('288', '37', '1');
INSERT INTO `t_polar_menumodel_menu` VALUES ('289', '38', '1');
INSERT INTO `t_polar_menumodel_menu` VALUES ('290', '39', '1');
INSERT INTO `t_polar_menumodel_menu` VALUES ('291', '40', '1');
INSERT INTO `t_polar_menumodel_menu` VALUES ('292', '41', '1');
INSERT INTO `t_polar_menumodel_menu` VALUES ('293', '42', '1');
INSERT INTO `t_polar_menumodel_menu` VALUES ('269', '43', '1');
INSERT INTO `t_polar_menumodel_menu` VALUES ('270', '44', '1');
INSERT INTO `t_polar_menumodel_menu` VALUES ('271', '45', '1');
INSERT INTO `t_polar_menumodel_menu` VALUES ('295', '46', '1');
INSERT INTO `t_polar_menumodel_menu` VALUES ('296', '47', '1');
INSERT INTO `t_polar_menumodel_menu` VALUES ('297', '48', '1');
INSERT INTO `t_polar_menumodel_menu` VALUES ('263', '49', '1');
INSERT INTO `t_polar_menumodel_menu` VALUES ('264', '50', '1');
INSERT INTO `t_polar_menumodel_menu` VALUES ('265', '51', '1');
INSERT INTO `t_polar_menumodel_menu` VALUES ('266', '52', '1');
INSERT INTO `t_polar_menumodel_menu` VALUES ('299', '53', '1');
INSERT INTO `t_polar_menumodel_menu` VALUES ('181', '53', '2');
INSERT INTO `t_polar_menumodel_menu` VALUES ('300', '54', '1');
INSERT INTO `t_polar_menumodel_menu` VALUES ('182', '54', '2');
INSERT INTO `t_polar_menumodel_menu` VALUES ('301', '55', '1');
INSERT INTO `t_polar_menumodel_menu` VALUES ('302', '56', '1');
INSERT INTO `t_polar_menumodel_menu` VALUES ('303', '57', '1');
INSERT INTO `t_polar_menumodel_menu` VALUES ('183', '57', '2');
INSERT INTO `t_polar_menumodel_menu` VALUES ('304', '58', '1');
INSERT INTO `t_polar_menumodel_menu` VALUES ('184', '58', '2');
INSERT INTO `t_polar_menumodel_menu` VALUES ('305', '59', '1');
INSERT INTO `t_polar_menumodel_menu` VALUES ('298', '60', '1');
INSERT INTO `t_polar_menumodel_menu` VALUES ('261', '61', '1');

-- ----------------------------
-- Table structure for t_polar_org
-- ----------------------------
DROP TABLE IF EXISTS `t_polar_org`;
CREATE TABLE `t_polar_org` (
  `id` bigint(50) NOT NULL AUTO_INCREMENT,
  `name` varchar(255) NOT NULL COMMENT '机构名称',
  `parentId` bigint(50) DEFAULT NULL COMMENT '上级编号',
  `org_code` varchar(255) DEFAULT NULL COMMENT '编号',
  `contact_people` varchar(255) DEFAULT NULL COMMENT '联系人',
  `contact_phone` varchar(255) DEFAULT NULL COMMENT '联系人手机号',
  `contact_email` varchar(255) DEFAULT NULL COMMENT '联系人邮箱',
  `org_describe` varchar(5000) DEFAULT NULL COMMENT '机构描述',
  PRIMARY KEY (`id`)
) ENGINE=InnoDB AUTO_INCREMENT=2 DEFAULT CHARSET=utf8mb4;

-- ----------------------------
-- Records of t_polar_org
-- ----------------------------

-- ----------------------------
-- Table structure for t_polar_org_permission
-- ----------------------------
DROP TABLE IF EXISTS `t_polar_org_permission`;
CREATE TABLE `t_polar_org_permission` (
  `id` bigint(50) NOT NULL AUTO_INCREMENT,
  `permissionId` bigint(50) NOT NULL COMMENT '权限编号',
  `orgId` bigint(50) NOT NULL COMMENT '机构编号',
  PRIMARY KEY (`id`)
) ENGINE=InnoDB DEFAULT CHARSET=utf8mb4 COMMENT='机构-权限';

-- ----------------------------
-- Records of t_polar_org_permission
-- ----------------------------

-- ----------------------------
-- Table structure for t_polar_permission
-- ----------------------------
DROP TABLE IF EXISTS `t_polar_permission`;
CREATE TABLE `t_polar_permission` (
  `id` bigint(50) NOT NULL AUTO_INCREMENT COMMENT '排序号',
  `parentId` bigint(50) DEFAULT NULL COMMENT '父类ID',
  `name` varchar(200) NOT NULL COMMENT '权限名称',
  `text` varchar(500) NOT NULL COMMENT '权限中文名称',
  `info` varchar(2000) DEFAULT NULL COMMENT '权限描述',
  `orderNum` bigint(50) NOT NULL COMMENT '排序号',
  PRIMARY KEY (`id`),
  UNIQUE KEY `unoin_key_permission` (`name`) USING BTREE
) ENGINE=InnoDB AUTO_INCREMENT=115 DEFAULT CHARSET=utf8;

-- ----------------------------
-- Records of t_polar_permission
-- ----------------------------
INSERT INTO `t_polar_permission` VALUES ('1', null, 'polar:backstage', '后台管理', '后台管理的基础角色，只有拥有此角色才可以管理后台。', '1');
INSERT INTO `t_polar_permission` VALUES ('2', null, 'polar:permission:empty', '权限管理', '权限管理的空白权限，用于分组', '2');
INSERT INTO `t_polar_permission` VALUES ('3', '2', 'polar:permission:add', '新增权限', '新增权限', '1');
INSERT INTO `t_polar_permission` VALUES ('4', '2', 'polar:permission:delete', '删除权限', '删除权限', '2');
INSERT INTO `t_polar_permission` VALUES ('5', '2', 'polar:permission:edit', '修改权限', '修改权限的权限', '3');
INSERT INTO `t_polar_permission` VALUES ('6', '2', 'polar:permission:view:list', '查看权限列表', '查看权限列表的权限', '4');
INSERT INTO `t_polar_permission` VALUES ('7', '2', 'polar:permission:view:detail', '权限详情', '查看权限详情的权限', '5');
INSERT INTO `t_polar_permission` VALUES ('8', null, 'polar:role:empty', '角色管理', '角色管理的空白权限，用于分组', '3');
INSERT INTO `t_polar_permission` VALUES ('9', '8', 'polar:role:add', '新增角色', '新增角色', '1');
INSERT INTO `t_polar_permission` VALUES ('10', '8', 'polar:role:delete', '删除角色', '删除角色', '2');
INSERT INTO `t_polar_permission` VALUES ('11', '8', 'polar:role:edit', '修改角色', '修改角色的权限', '3');
INSERT INTO `t_polar_permission` VALUES ('12', '8', 'polar:role:view:list', '查看角色列表', '查看角色列表的权限', '4');
INSERT INTO `t_polar_permission` VALUES ('13', '8', 'polar:role:view:detail', '角色详情', '查看角色详情的权限', '5');
INSERT INTO `t_polar_permission` VALUES ('14', null, 'polar:resource:empty', '资源管理', '资源管理的空白权限，用于分组', '4');
INSERT INTO `t_polar_permission` VALUES ('15', '14', 'polar:resource:add', '新增资源', '新增资源', '1');
INSERT INTO `t_polar_permission` VALUES ('16', '14', 'polar:resource:delete', '删除资源', '删除资源', '2');
INSERT INTO `t_polar_permission` VALUES ('17', '14', 'polar:resource:edit', '修改资源', '修改资源的权限', '3');
INSERT INTO `t_polar_permission` VALUES ('18', '14', 'polar:resource:view:list', '查看资源列表', '查看资源列表的权限', '4');
INSERT INTO `t_polar_permission` VALUES ('19', '14', 'polar:resource:view:detail', '资源详情', '查看资源详情的权限', '5');
INSERT INTO `t_polar_permission` VALUES ('20', '14', 'polar:resource:reload', '重新加载资源', '重新加载资源', '6');
INSERT INTO `t_polar_permission` VALUES ('21', null, 'polar:user:empty', '用户管理', '用户管理的空白权限，用于分组', '5');
INSERT INTO `t_polar_permission` VALUES ('22', '21', 'polar:user:add', '新增用户', '新增用户', '1');
INSERT INTO `t_polar_permission` VALUES ('23', '21', 'polar:user:delete', '删除用户', '删除用户', '2');
INSERT INTO `t_polar_permission` VALUES ('24', '21', 'polar:user:edit', '修改用户', '修改用户的权限', '3');
INSERT INTO `t_polar_permission` VALUES ('25', '21', 'polar:user:view:list', '查看用户列表', '查看用户列表的权限', '4');
INSERT INTO `t_polar_permission` VALUES ('26', '21', 'polar:user:view:detail', '用户详情', '查看用户详情的权限', '5');
INSERT INTO `t_polar_permission` VALUES ('27', '21', 'polar:user:role:empty', '分配角色', '给用户分配角色的权限', '6');
INSERT INTO `t_polar_permission` VALUES ('28', null, 'polar:menumodel', '菜单模板管理', '菜单模板管理的空白权限，用于分组', '6');
INSERT INTO `t_polar_permission` VALUES ('29', '28', 'polar:menumodel:add', '新增菜单模板', '新增菜单模板', '1');
INSERT INTO `t_polar_permission` VALUES ('30', '28', 'polar:menumodel:delete', '删除菜单模板', '删除菜单模板', '2');
INSERT INTO `t_polar_permission` VALUES ('31', '28', 'polar:menumodel:edit', '修改菜单模板', '修改菜单模板的权限', '3');
INSERT INTO `t_polar_permission` VALUES ('32', '28', 'polar:menumodel:view:list', '查看菜单模板列表', '查看菜单模板列表的权限', '4');
INSERT INTO `t_polar_permission` VALUES ('33', '28', 'polar:menumodel:view:detail', '菜单模板详情', '查看菜单模板详情的权限', '5');
INSERT INTO `t_polar_permission` VALUES ('34', '28', 'polar:menumodel:default', '设置默认菜单', '设置默认菜单', '6');
INSERT INTO `t_polar_permission` VALUES ('35', '28', 'polar:menumodel:menu', '分配菜单', '分配菜单', '7');
INSERT INTO `t_polar_permission` VALUES ('36', null, 'polar:menu:empty', '菜单管理', '菜单管理的空白权限，用于分组', '7');
INSERT INTO `t_polar_permission` VALUES ('37', '36', 'polar:menu:add', '新增菜单', '新增菜单', '1');
INSERT INTO `t_polar_permission` VALUES ('38', '36', 'polar:menu:delete', '删除菜单', '删除菜单', '2');
INSERT INTO `t_polar_permission` VALUES ('39', '36', 'polar:menu:edit', '修改菜单', '修改菜单的权限', '3');
INSERT INTO `t_polar_permission` VALUES ('40', '36', 'polar:menu:view:list', '查看菜单列表', '查看菜单列表的权限', '4');
INSERT INTO `t_polar_permission` VALUES ('41', '36', 'polar:menu:view:detail', '菜单详情', '查看菜单详情的权限', '5');
INSERT INTO `t_polar_permission` VALUES ('42', null, 'polar:dict:empty', '字典管理', '字典管理的空白权限，用于分组', '8');
INSERT INTO `t_polar_permission` VALUES ('43', '42', 'polar:dict:add', '新增字典', '新增字典', '1');
INSERT INTO `t_polar_permission` VALUES ('44', '42', 'polar:dict:delete', '删除字典', '删除字典', '2');
INSERT INTO `t_polar_permission` VALUES ('45', '42', 'polar:dict:edit', '修改字典', '修改字典的权限', '3');
INSERT INTO `t_polar_permission` VALUES ('46', '42', 'polar:dict:view:list', '查看字典列表', '查看字典列表的权限', '4');
INSERT INTO `t_polar_permission` VALUES ('47', '42', 'polar:dict:view:detail', '字典详情', '查看字典详情的权限', '5');
INSERT INTO `t_polar_permission` VALUES ('48', null, 'polar:tree:empty', '树结构管理', '树结构管理的空白权限，用于分组', '9');
INSERT INTO `t_polar_permission` VALUES ('49', '48', 'polar:tree:add', '新增树结构', '新增树结构', '1');
INSERT INTO `t_polar_permission` VALUES ('50', '48', 'polar:tree:delete', '删除树结构', '删除树结构', '2');
INSERT INTO `t_polar_permission` VALUES ('51', '48', 'polar:tree:edit', '修改树结构', '修改树结构的权限', '3');
INSERT INTO `t_polar_permission` VALUES ('52', '48', 'polar:tree:view:list', '查看树结构列表', '查看树结构列表的权限', '4');
INSERT INTO `t_polar_permission` VALUES ('53', '48', 'polar:tree:view:detail', '树结构详情', '查看树结构详情的权限', '5');
INSERT INTO `t_polar_permission` VALUES ('54', null, 'polar:log:empty', '日志管理', '日志管理的空白权限，用于分组', '10');
INSERT INTO `t_polar_permission` VALUES ('55', '54', 'polar:log:add', '新增日志', '新增日志', '1');
INSERT INTO `t_polar_permission` VALUES ('56', '54', 'polar:log:delete', '删除日志', '删除日志', '2');
INSERT INTO `t_polar_permission` VALUES ('57', '54', 'polar:log:edit', '修改日志', '修改日志的权限', '3');
INSERT INTO `t_polar_permission` VALUES ('58', '54', 'polar:log:view:list', '查看日志列表', '查看日志列表的权限', '4');
INSERT INTO `t_polar_permission` VALUES ('59', '54', 'polar:log:view:detail', '日志详情', '查看日志详情的权限', '5');
INSERT INTO `t_polar_permission` VALUES ('60', null, 'polar:code:empty', '代码生成管理', '代码生成管理的空白权限，用于分组', '11');
INSERT INTO `t_polar_permission` VALUES ('62', '60', 'polar:code:delete', '删除代码', '删除代码', '2');
INSERT INTO `t_polar_permission` VALUES ('63', '60', 'polar:code:edit', '修改代码', '修改代码的权限', '3');
INSERT INTO `t_polar_permission` VALUES ('64', '60', 'polar:code:view:list', '查看代码列表', '查看代码列表的权限', '4');
INSERT INTO `t_polar_permission` VALUES ('65', '60', 'polar:code:view:detail', '代码详情', '查看代码详情的权限', '5');
INSERT INTO `t_polar_permission` VALUES ('66', '60', 'polar:code:columns', '列配置', '代码生成的列操作权限', '6');
INSERT INTO `t_polar_permission` VALUES ('67', '60', 'polar:code:code', '生成代码', '生成代码的权限', '7');
INSERT INTO `t_polar_permission` VALUES ('68', '60', 'polar:code:setting', '生成配置', '生成配置的权限', '8');
INSERT INTO `t_polar_permission` VALUES ('70', '21', 'polar:user:reset', '重置缓存', '重置用户的缓存，包括其菜单、权限等数据', '8');
INSERT INTO `t_polar_permission` VALUES ('71', '8', 'polar:role:permission', '修改角色权限', '修改角色权限', '6');
INSERT INTO `t_polar_permission` VALUES ('72', '14', 'polar:resource:permission', '资源权限', '修改资源权限的权限', '7');
INSERT INTO `t_polar_permission` VALUES ('73', '21', 'polar:user:menu', '分配用户菜单', '分配用户菜单', '9');
INSERT INTO `t_polar_permission` VALUES ('74', '21', 'polar:user:clear:userMenu', '清除用户菜单缓存', '清除用户菜单缓存', '10');
INSERT INTO `t_polar_permission` VALUES ('75', '21', 'polar:user:clear:allMenu', '清除用户所有菜单缓存', '清除用户所有菜单缓存', '11');
INSERT INTO `t_polar_permission` VALUES ('76', '21', 'polar:user:clear:userInfo', '清除用户权限缓存', '清除用户权限缓存', '12');
INSERT INTO `t_polar_permission` VALUES ('77', '21', 'polar:user:clear:allInfo', '清除用户所有权限缓存', '清除用户所有权限缓存', '13');
INSERT INTO `t_polar_permission` VALUES ('78', null, 'polar:records:empty', '访问记录', '访问记录的空白权限，用于分组', '12');
INSERT INTO `t_polar_permission` VALUES ('79', '78', 'polar:records:list', '查看访问记录列表', '查看访问记录列表', '1');
INSERT INTO `t_polar_permission` VALUES ('80', '78', 'polar:records:detail', '查看访问记录详情', '查看访问记录详情', '2');
INSERT INTO `t_polar_permission` VALUES ('81', '78', 'polar:records:delete', '删除访问记录', '删除访问记录', '3');
INSERT INTO `t_polar_permission` VALUES ('82', '21', 'polar:online:view', '查看在线用户', '查看在线用户', '16');
INSERT INTO `t_polar_permission` VALUES ('83', '21', 'polar:online:downline', '强制下线', '强制下线', '17');
INSERT INTO `t_polar_permission` VALUES ('84', '21', 'polar:user:disableUser', '禁用用户', '禁用用户', '14');
INSERT INTO `t_polar_permission` VALUES ('85', '21', 'polar:user:enableUser', '启用用户', '启用用户', '15');
INSERT INTO `t_polar_permission` VALUES ('86', null, 'polar:org:empty', '机构管理', '机构管理的空白权限，用于分组', '13');
INSERT INTO `t_polar_permission` VALUES ('87', '86', 'polar:org:add', '新增机构', '新增机构', '1');
INSERT INTO `t_polar_permission` VALUES ('88', '86', 'polar:org:delete', '删除机构', '删除机构', '2');
INSERT INTO `t_polar_permission` VALUES ('89', '86', 'polar:org:edit', '修改机构', '修改机构的权限', '3');
INSERT INTO `t_polar_permission` VALUES ('90', '86', 'polar:org:view:list', '查看机构列表', '查看机构列表的权限', '4');
INSERT INTO `t_polar_permission` VALUES ('91', '86', 'polar:org:view:detail', '机构详情', '查看机构详情的权限', '5');
INSERT INTO `t_polar_permission` VALUES ('92', '86', 'polar:org:excell:import', '导入机构', '导入机构的权限', '6');
INSERT INTO `t_polar_permission` VALUES ('93', '86', 'polar:org:excell:export', '导出机构', '导出机构的权限', '7');
INSERT INTO `t_polar_permission` VALUES ('94', '86', 'polar:org:permission', '分配权限', '分配机构权限', '8');
INSERT INTO `t_polar_permission` VALUES ('95', null, 'polar:group:empty', '操作组管理', '工作流的操作组的空白权限，用于分组', '14');
INSERT INTO `t_polar_permission` VALUES ('96', '95', 'polar:group:add', '新增操作组', '新增操作组的权限', '1');
INSERT INTO `t_polar_permission` VALUES ('97', '95', 'polar:group:edit', '编辑操作组', '编辑操作组的权限，包含修改其所有用户的权限', '2');
INSERT INTO `t_polar_permission` VALUES ('98', '95', 'polar:group:view:detail', '操作组详情', '查看操作组详情的权限', '3');
INSERT INTO `t_polar_permission` VALUES ('99', '95', 'polar:group:view:list', '操作组列表', '操作组列表', '4');
INSERT INTO `t_polar_permission` VALUES ('100', null, 'polar:form:empty', '表单管理', '表单的空白权限，用于分组', '15');
INSERT INTO `t_polar_permission` VALUES ('101', '100', 'polar:form:view:list', '表单列表', '表单列表的权限', '1');
INSERT INTO `t_polar_permission` VALUES ('102', '100', 'polar:form:view:detail', '表单详情', '表单详情的权限', '2');
INSERT INTO `t_polar_permission` VALUES ('103', '100', 'polar:form:edit', '修改表单的权限', '修改表单的权限', '3');
INSERT INTO `t_polar_permission` VALUES ('104', '100', 'polar:form:delete', '删除表单', '删除表单的权限', '4');
INSERT INTO `t_polar_permission` VALUES ('105', null, 'polar:flow:view:empty', '流程管理', '流程管理的空白权限', '16');
INSERT INTO `t_polar_permission` VALUES ('106', '105', 'polar:flow:add', '新增流程', '新增流程权限', '1');
INSERT INTO `t_polar_permission` VALUES ('107', '105', 'polar:flow:edit', '修改流程', '修改流程的权限', '2');
INSERT INTO `t_polar_permission` VALUES ('108', '105', 'polar:flow:view:detail', '流程详情', '流程详情', '3');
INSERT INTO `t_polar_permission` VALUES ('110', '105', 'polar:flow:view:list', '流程列表', '流程列表', '4');
INSERT INTO `t_polar_permission` VALUES ('111', '105', 'polar:flow:delete', '删除流程', '删除流程', '5');
INSERT INTO `t_polar_permission` VALUES ('112', '100', 'polar:form:add', '增加表单', '增加表单', '5');
INSERT INTO `t_polar_permission` VALUES ('113', '95', 'polar:group:delete', '删除操作组', '删除操作组', '5');
INSERT INTO `t_polar_permission` VALUES ('114', null, 'polar:payconfig', '支付配置', '支付配置', '17');

-- ----------------------------
-- Table structure for t_polar_resource
-- ----------------------------
DROP TABLE IF EXISTS `t_polar_resource`;
CREATE TABLE `t_polar_resource` (
  `id` bigint(50) NOT NULL AUTO_INCREMENT COMMENT '数据编号',
  `name` varchar(500) NOT NULL COMMENT '名称',
  `path` varchar(2000) NOT NULL COMMENT '访问路径',
  `info` varchar(2000) DEFAULT NULL COMMENT '描述',
  `orderNum` bigint(50) NOT NULL DEFAULT '1' COMMENT '排序号',
  `text` varchar(500) DEFAULT NULL COMMENT '中文名称',
  PRIMARY KEY (`id`)
) ENGINE=InnoDB DEFAULT CHARSET=utf8mb4 COMMENT='资源表';

-- ----------------------------
-- Records of t_polar_resource
-- ----------------------------

-- ----------------------------
-- Table structure for t_polar_resource_permission
-- ----------------------------
DROP TABLE IF EXISTS `t_polar_resource_permission`;
CREATE TABLE `t_polar_resource_permission` (
  `id` bigint(50) NOT NULL AUTO_INCREMENT,
  `resourceId` bigint(50) NOT NULL COMMENT '角色编号',
  `permissionId` bigint(50) NOT NULL COMMENT '权限编号',
  PRIMARY KEY (`id`),
  UNIQUE KEY `unoin_key_resource_permission` (`resourceId`,`permissionId`) USING BTREE
) ENGINE=InnoDB DEFAULT CHARSET=utf8mb4 COMMENT='资源-权限管理表';

-- ----------------------------
-- Records of t_polar_resource_permission
-- ----------------------------

-- ----------------------------
-- Table structure for t_polar_role
-- ----------------------------
DROP TABLE IF EXISTS `t_polar_role`;
CREATE TABLE `t_polar_role` (
  `id` bigint(50) NOT NULL AUTO_INCREMENT COMMENT '排序号',
  `parentId` bigint(50) DEFAULT NULL COMMENT '父类id',
  `name` varchar(200) NOT NULL COMMENT '角色名称',
  `text` varchar(500) NOT NULL COMMENT '角色中文名称',
  `info` varchar(2000) DEFAULT NULL COMMENT '角色描述',
  `orderNum` bigint(50) NOT NULL,
  PRIMARY KEY (`id`),
  UNIQUE KEY `unoin_key_role` (`name`) USING BTREE
) ENGINE=InnoDB AUTO_INCREMENT=8 DEFAULT CHARSET=utf8;

-- ----------------------------
-- Records of t_polar_role
-- ----------------------------
INSERT INTO `t_polar_role` VALUES ('1', null, 'superAdmin', '超级管理员', '超级管理员，拥有所有的权限', '1');
INSERT INTO `t_polar_role` VALUES ('2', null, 'dataAdmin', '数据管理员', '数据管理员，可以管理：字典、日志、树结构', '2');
INSERT INTO `t_polar_role` VALUES ('3', null, 'menuAdmin', '菜单管理员', '可以管理菜单、菜单模板', '3');
INSERT INTO `t_polar_role` VALUES ('4', null, 'userAdmin', '用户管理员', '可以管理用户的信息', '4');
INSERT INTO `t_polar_role` VALUES ('5', null, 'itAdmin', '屌丝程序员', '可以生成代码', '5');
INSERT INTO `t_polar_role` VALUES ('6', null, 'bugReporter', 'BUG调试员', 'bug调试员，含有日志管理的权限', '6');
INSERT INTO `t_polar_role` VALUES ('7', null, 'checkUser', '请假审核专员', '请假审核专员,用来审核请假', '7');

-- ----------------------------
-- Table structure for t_polar_role_permission
-- ----------------------------
DROP TABLE IF EXISTS `t_polar_role_permission`;
CREATE TABLE `t_polar_role_permission` (
  `id` bigint(50) NOT NULL AUTO_INCREMENT COMMENT '编号',
  `roleId` bigint(50) NOT NULL COMMENT '角色编号',
  `permissionId` bigint(50) NOT NULL COMMENT '权限编号',
  PRIMARY KEY (`id`),
  UNIQUE KEY `unoin_key_role_permission` (`roleId`,`permissionId`) USING BTREE
) ENGINE=InnoDB AUTO_INCREMENT=390 DEFAULT CHARSET=utf8;

-- ----------------------------
-- Records of t_polar_role_permission
-- ----------------------------
INSERT INTO `t_polar_role_permission` VALUES ('279', '1', '1');
INSERT INTO `t_polar_role_permission` VALUES ('280', '1', '2');
INSERT INTO `t_polar_role_permission` VALUES ('281', '1', '3');
INSERT INTO `t_polar_role_permission` VALUES ('282', '1', '4');
INSERT INTO `t_polar_role_permission` VALUES ('283', '1', '5');
INSERT INTO `t_polar_role_permission` VALUES ('284', '1', '6');
INSERT INTO `t_polar_role_permission` VALUES ('285', '1', '7');
INSERT INTO `t_polar_role_permission` VALUES ('286', '1', '8');
INSERT INTO `t_polar_role_permission` VALUES ('287', '1', '9');
INSERT INTO `t_polar_role_permission` VALUES ('288', '1', '10');
INSERT INTO `t_polar_role_permission` VALUES ('289', '1', '11');
INSERT INTO `t_polar_role_permission` VALUES ('290', '1', '12');
INSERT INTO `t_polar_role_permission` VALUES ('291', '1', '13');
INSERT INTO `t_polar_role_permission` VALUES ('293', '1', '14');
INSERT INTO `t_polar_role_permission` VALUES ('294', '1', '15');
INSERT INTO `t_polar_role_permission` VALUES ('295', '1', '16');
INSERT INTO `t_polar_role_permission` VALUES ('296', '1', '17');
INSERT INTO `t_polar_role_permission` VALUES ('297', '1', '18');
INSERT INTO `t_polar_role_permission` VALUES ('298', '1', '19');
INSERT INTO `t_polar_role_permission` VALUES ('299', '1', '20');
INSERT INTO `t_polar_role_permission` VALUES ('301', '1', '21');
INSERT INTO `t_polar_role_permission` VALUES ('302', '1', '22');
INSERT INTO `t_polar_role_permission` VALUES ('303', '1', '23');
INSERT INTO `t_polar_role_permission` VALUES ('304', '1', '24');
INSERT INTO `t_polar_role_permission` VALUES ('305', '1', '25');
INSERT INTO `t_polar_role_permission` VALUES ('306', '1', '26');
INSERT INTO `t_polar_role_permission` VALUES ('307', '1', '27');
INSERT INTO `t_polar_role_permission` VALUES ('318', '1', '28');
INSERT INTO `t_polar_role_permission` VALUES ('319', '1', '29');
INSERT INTO `t_polar_role_permission` VALUES ('320', '1', '30');
INSERT INTO `t_polar_role_permission` VALUES ('321', '1', '31');
INSERT INTO `t_polar_role_permission` VALUES ('322', '1', '32');
INSERT INTO `t_polar_role_permission` VALUES ('323', '1', '33');
INSERT INTO `t_polar_role_permission` VALUES ('324', '1', '34');
INSERT INTO `t_polar_role_permission` VALUES ('325', '1', '35');
INSERT INTO `t_polar_role_permission` VALUES ('326', '1', '36');
INSERT INTO `t_polar_role_permission` VALUES ('327', '1', '37');
INSERT INTO `t_polar_role_permission` VALUES ('328', '1', '38');
INSERT INTO `t_polar_role_permission` VALUES ('329', '1', '39');
INSERT INTO `t_polar_role_permission` VALUES ('330', '1', '40');
INSERT INTO `t_polar_role_permission` VALUES ('331', '1', '41');
INSERT INTO `t_polar_role_permission` VALUES ('332', '1', '42');
INSERT INTO `t_polar_role_permission` VALUES ('333', '1', '43');
INSERT INTO `t_polar_role_permission` VALUES ('334', '1', '44');
INSERT INTO `t_polar_role_permission` VALUES ('335', '1', '45');
INSERT INTO `t_polar_role_permission` VALUES ('336', '1', '46');
INSERT INTO `t_polar_role_permission` VALUES ('337', '1', '47');
INSERT INTO `t_polar_role_permission` VALUES ('338', '1', '48');
INSERT INTO `t_polar_role_permission` VALUES ('339', '1', '49');
INSERT INTO `t_polar_role_permission` VALUES ('340', '1', '50');
INSERT INTO `t_polar_role_permission` VALUES ('341', '1', '51');
INSERT INTO `t_polar_role_permission` VALUES ('342', '1', '52');
INSERT INTO `t_polar_role_permission` VALUES ('343', '1', '53');
INSERT INTO `t_polar_role_permission` VALUES ('344', '1', '54');
INSERT INTO `t_polar_role_permission` VALUES ('345', '1', '55');
INSERT INTO `t_polar_role_permission` VALUES ('346', '1', '56');
INSERT INTO `t_polar_role_permission` VALUES ('347', '1', '57');
INSERT INTO `t_polar_role_permission` VALUES ('348', '1', '58');
INSERT INTO `t_polar_role_permission` VALUES ('349', '1', '59');
INSERT INTO `t_polar_role_permission` VALUES ('350', '1', '60');
INSERT INTO `t_polar_role_permission` VALUES ('351', '1', '62');
INSERT INTO `t_polar_role_permission` VALUES ('352', '1', '63');
INSERT INTO `t_polar_role_permission` VALUES ('353', '1', '64');
INSERT INTO `t_polar_role_permission` VALUES ('354', '1', '65');
INSERT INTO `t_polar_role_permission` VALUES ('355', '1', '66');
INSERT INTO `t_polar_role_permission` VALUES ('356', '1', '67');
INSERT INTO `t_polar_role_permission` VALUES ('357', '1', '68');
INSERT INTO `t_polar_role_permission` VALUES ('308', '1', '70');
INSERT INTO `t_polar_role_permission` VALUES ('292', '1', '71');
INSERT INTO `t_polar_role_permission` VALUES ('300', '1', '72');
INSERT INTO `t_polar_role_permission` VALUES ('309', '1', '73');
INSERT INTO `t_polar_role_permission` VALUES ('310', '1', '74');
INSERT INTO `t_polar_role_permission` VALUES ('311', '1', '75');
INSERT INTO `t_polar_role_permission` VALUES ('312', '1', '76');
INSERT INTO `t_polar_role_permission` VALUES ('313', '1', '77');
INSERT INTO `t_polar_role_permission` VALUES ('358', '1', '78');
INSERT INTO `t_polar_role_permission` VALUES ('359', '1', '79');
INSERT INTO `t_polar_role_permission` VALUES ('360', '1', '80');
INSERT INTO `t_polar_role_permission` VALUES ('361', '1', '81');
INSERT INTO `t_polar_role_permission` VALUES ('316', '1', '82');
INSERT INTO `t_polar_role_permission` VALUES ('317', '1', '83');
INSERT INTO `t_polar_role_permission` VALUES ('314', '1', '84');
INSERT INTO `t_polar_role_permission` VALUES ('315', '1', '85');
INSERT INTO `t_polar_role_permission` VALUES ('362', '1', '86');
INSERT INTO `t_polar_role_permission` VALUES ('363', '1', '87');
INSERT INTO `t_polar_role_permission` VALUES ('364', '1', '88');
INSERT INTO `t_polar_role_permission` VALUES ('365', '1', '89');
INSERT INTO `t_polar_role_permission` VALUES ('366', '1', '90');
INSERT INTO `t_polar_role_permission` VALUES ('367', '1', '91');
INSERT INTO `t_polar_role_permission` VALUES ('368', '1', '92');
INSERT INTO `t_polar_role_permission` VALUES ('369', '1', '93');
INSERT INTO `t_polar_role_permission` VALUES ('370', '1', '94');
INSERT INTO `t_polar_role_permission` VALUES ('371', '1', '95');
INSERT INTO `t_polar_role_permission` VALUES ('372', '1', '96');
INSERT INTO `t_polar_role_permission` VALUES ('373', '1', '97');
INSERT INTO `t_polar_role_permission` VALUES ('374', '1', '98');
INSERT INTO `t_polar_role_permission` VALUES ('375', '1', '99');
INSERT INTO `t_polar_role_permission` VALUES ('377', '1', '100');
INSERT INTO `t_polar_role_permission` VALUES ('378', '1', '101');
INSERT INTO `t_polar_role_permission` VALUES ('379', '1', '102');
INSERT INTO `t_polar_role_permission` VALUES ('380', '1', '103');
INSERT INTO `t_polar_role_permission` VALUES ('381', '1', '104');
INSERT INTO `t_polar_role_permission` VALUES ('383', '1', '105');
INSERT INTO `t_polar_role_permission` VALUES ('384', '1', '106');
INSERT INTO `t_polar_role_permission` VALUES ('385', '1', '107');
INSERT INTO `t_polar_role_permission` VALUES ('386', '1', '108');
INSERT INTO `t_polar_role_permission` VALUES ('387', '1', '110');
INSERT INTO `t_polar_role_permission` VALUES ('388', '1', '111');
INSERT INTO `t_polar_role_permission` VALUES ('382', '1', '112');
INSERT INTO `t_polar_role_permission` VALUES ('376', '1', '113');
INSERT INTO `t_polar_role_permission` VALUES ('389', '1', '114');
INSERT INTO `t_polar_role_permission` VALUES ('77', '2', '1');
INSERT INTO `t_polar_role_permission` VALUES ('78', '2', '42');
INSERT INTO `t_polar_role_permission` VALUES ('79', '2', '43');
INSERT INTO `t_polar_role_permission` VALUES ('80', '2', '44');
INSERT INTO `t_polar_role_permission` VALUES ('81', '2', '45');
INSERT INTO `t_polar_role_permission` VALUES ('82', '2', '46');
INSERT INTO `t_polar_role_permission` VALUES ('83', '2', '47');
INSERT INTO `t_polar_role_permission` VALUES ('84', '2', '48');
INSERT INTO `t_polar_role_permission` VALUES ('85', '2', '49');
INSERT INTO `t_polar_role_permission` VALUES ('86', '2', '50');
INSERT INTO `t_polar_role_permission` VALUES ('87', '2', '51');
INSERT INTO `t_polar_role_permission` VALUES ('88', '2', '52');
INSERT INTO `t_polar_role_permission` VALUES ('89', '2', '53');
INSERT INTO `t_polar_role_permission` VALUES ('146', '2', '78');
INSERT INTO `t_polar_role_permission` VALUES ('147', '2', '79');
INSERT INTO `t_polar_role_permission` VALUES ('148', '2', '80');
INSERT INTO `t_polar_role_permission` VALUES ('149', '2', '81');
INSERT INTO `t_polar_role_permission` VALUES ('90', '3', '1');
INSERT INTO `t_polar_role_permission` VALUES ('91', '3', '28');
INSERT INTO `t_polar_role_permission` VALUES ('92', '3', '29');
INSERT INTO `t_polar_role_permission` VALUES ('93', '3', '30');
INSERT INTO `t_polar_role_permission` VALUES ('94', '3', '31');
INSERT INTO `t_polar_role_permission` VALUES ('95', '3', '32');
INSERT INTO `t_polar_role_permission` VALUES ('96', '3', '33');
INSERT INTO `t_polar_role_permission` VALUES ('97', '3', '34');
INSERT INTO `t_polar_role_permission` VALUES ('98', '3', '35');
INSERT INTO `t_polar_role_permission` VALUES ('99', '3', '36');
INSERT INTO `t_polar_role_permission` VALUES ('100', '3', '37');
INSERT INTO `t_polar_role_permission` VALUES ('101', '3', '38');
INSERT INTO `t_polar_role_permission` VALUES ('102', '3', '39');
INSERT INTO `t_polar_role_permission` VALUES ('103', '3', '40');
INSERT INTO `t_polar_role_permission` VALUES ('104', '3', '41');
INSERT INTO `t_polar_role_permission` VALUES ('105', '4', '1');
INSERT INTO `t_polar_role_permission` VALUES ('106', '4', '21');
INSERT INTO `t_polar_role_permission` VALUES ('107', '4', '22');
INSERT INTO `t_polar_role_permission` VALUES ('108', '4', '23');
INSERT INTO `t_polar_role_permission` VALUES ('109', '4', '24');
INSERT INTO `t_polar_role_permission` VALUES ('110', '4', '25');
INSERT INTO `t_polar_role_permission` VALUES ('111', '4', '26');
INSERT INTO `t_polar_role_permission` VALUES ('112', '4', '27');
INSERT INTO `t_polar_role_permission` VALUES ('113', '4', '69');
INSERT INTO `t_polar_role_permission` VALUES ('114', '4', '70');
INSERT INTO `t_polar_role_permission` VALUES ('115', '4', '73');
INSERT INTO `t_polar_role_permission` VALUES ('116', '4', '74');
INSERT INTO `t_polar_role_permission` VALUES ('117', '4', '75');
INSERT INTO `t_polar_role_permission` VALUES ('118', '4', '76');
INSERT INTO `t_polar_role_permission` VALUES ('119', '4', '77');
INSERT INTO `t_polar_role_permission` VALUES ('134', '5', '1');
INSERT INTO `t_polar_role_permission` VALUES ('120', '5', '54');
INSERT INTO `t_polar_role_permission` VALUES ('121', '5', '55');
INSERT INTO `t_polar_role_permission` VALUES ('122', '5', '56');
INSERT INTO `t_polar_role_permission` VALUES ('123', '5', '57');
INSERT INTO `t_polar_role_permission` VALUES ('124', '5', '58');
INSERT INTO `t_polar_role_permission` VALUES ('125', '5', '59');
INSERT INTO `t_polar_role_permission` VALUES ('126', '5', '60');
INSERT INTO `t_polar_role_permission` VALUES ('127', '5', '62');
INSERT INTO `t_polar_role_permission` VALUES ('128', '5', '63');
INSERT INTO `t_polar_role_permission` VALUES ('129', '5', '64');
INSERT INTO `t_polar_role_permission` VALUES ('130', '5', '65');
INSERT INTO `t_polar_role_permission` VALUES ('131', '5', '66');
INSERT INTO `t_polar_role_permission` VALUES ('132', '5', '67');
INSERT INTO `t_polar_role_permission` VALUES ('133', '5', '68');
INSERT INTO `t_polar_role_permission` VALUES ('135', '6', '1');
INSERT INTO `t_polar_role_permission` VALUES ('136', '6', '54');
INSERT INTO `t_polar_role_permission` VALUES ('137', '6', '55');
INSERT INTO `t_polar_role_permission` VALUES ('138', '6', '56');
INSERT INTO `t_polar_role_permission` VALUES ('139', '6', '57');
INSERT INTO `t_polar_role_permission` VALUES ('140', '6', '58');
INSERT INTO `t_polar_role_permission` VALUES ('141', '6', '59');
INSERT INTO `t_polar_role_permission` VALUES ('150', '6', '78');
INSERT INTO `t_polar_role_permission` VALUES ('151', '6', '79');
INSERT INTO `t_polar_role_permission` VALUES ('152', '6', '80');
INSERT INTO `t_polar_role_permission` VALUES ('153', '6', '81');
INSERT INTO `t_polar_role_permission` VALUES ('278', '7', '1');

-- ----------------------------
-- Table structure for t_polar_tables
-- ----------------------------
DROP TABLE IF EXISTS `t_polar_tables`;
CREATE TABLE `t_polar_tables` (
  `id` bigint(20) NOT NULL AUTO_INCREMENT,
  `tableName` varchar(500) NOT NULL COMMENT '表名',
  `tableRemark` varchar(255) NOT NULL COMMENT '表中文名',
  `moduleType` int(2) NOT NULL DEFAULT '0' COMMENT '模板方式',
  `tableType` int(2) NOT NULL DEFAULT '0' COMMENT '表单类型,0-单表，1-树结构，2-父表，3-子表 ',
  `parentField` varchar(200) DEFAULT NULL COMMENT '树结构中父编号字段',
  `childField` varchar(200) DEFAULT NULL COMMENT '树结构中子编号字段',
  `nameField` varchar(200) DEFAULT NULL COMMENT '树结构中名称字段',
  `valueField` varchar(200) DEFAULT NULL COMMENT '树结构中值字段',
  `parentTableId` varchar(200) DEFAULT NULL COMMENT '父子表中，子表指向的表',
  `childTableField` varchar(200) DEFAULT NULL COMMENT '父子表中，子表中保存父表外键的字段',
  `validateType` int(2) NOT NULL DEFAULT '0' COMMENT '校验方式(0-layui,1-bootstrap)',
  `listModule` int(2) DEFAULT '0' COMMENT '列表模板类型：0-layui-table,1-bootstrap-table',
  `deleteMode` int(1) NOT NULL DEFAULT '2' COMMENT '删除模式,0-全部,1-仅物理删除,2-仅逻辑删除。',
  `idField` varchar(500) NOT NULL DEFAULT '' COMMENT '主键名称',
  `idType` int(1) DEFAULT '0' COMMENT '主键类型（0-long,1-UUID）',
  `effectivenessField` varchar(500) DEFAULT NULL COMMENT '有效性字段名称',
  `effectivenessValue` varchar(500) DEFAULT NULL COMMENT '有效值',
  `effectivenessType` int(1) DEFAULT '0' COMMENT '有效性字段名称(0-字符串,1-数值)',
  `unEffectivenessValue` varchar(500) DEFAULT NULL COMMENT '无效值',
  `packageName` varchar(500) NOT NULL COMMENT '包名',
  `moduleName` varchar(500) NOT NULL COMMENT '模块名称',
  `moduleRemark` varchar(500) NOT NULL COMMENT '模块中文名称',
  `author` varchar(500) NOT NULL COMMENT '作者',
  `controllerWebPath` varchar(500) NOT NULL COMMENT '访问的路径',
  `controllerJsonPath` varchar(500) NOT NULL COMMENT '访问的路径',
  `controllerWebName` varchar(500) NOT NULL COMMENT '网页的类名',
  `controllerWebTag` varchar(500) NOT NULL COMMENT '网页的标签',
  `controllerJsonTag` varchar(500) NOT NULL COMMENT 'Json格式的标签,默认为空',
  `controllerJsonName` varchar(500) NOT NULL COMMENT 'Json格式的类名',
  `serviceImplName` varchar(500) NOT NULL COMMENT '服务实现类名称',
  `serviceName` varchar(500) NOT NULL COMMENT '服务类名称',
  `serviceTag` varchar(500) NOT NULL COMMENT '服务类标签',
  `daoName` varchar(500) NOT NULL COMMENT ' dao的名称',
  `daoTag` varchar(500) NOT NULL COMMENT 'dao的标签',
  `entityName` varchar(500) NOT NULL COMMENT '实体类类名',
  `entityAlias` varchar(500) NOT NULL COMMENT '实体类别名',
  `mapperFloderName` varchar(500) NOT NULL COMMENT '文件夹名称',
  `mapperFileName` varchar(500) NOT NULL COMMENT 'mapper文件名称',
  `jspListName` varchar(500) NOT NULL COMMENT ' JSP页面列表名称',
  `jspEditName` varchar(500) NOT NULL COMMENT 'JSP页面编辑页面名称',
  `createDate` datetime DEFAULT NULL COMMENT '创建日期',
  `updateDate` datetime DEFAULT NULL COMMENT '更新时间',
  PRIMARY KEY (`id`)
) ENGINE=InnoDB AUTO_INCREMENT=2 DEFAULT CHARSET=utf8mb4 COMMENT='代码生成器中生成的表';

-- ----------------------------
-- Records of t_polar_tables
-- ----------------------------

-- ----------------------------
-- Table structure for t_polar_tree
-- ----------------------------
DROP TABLE IF EXISTS `t_polar_tree`;
CREATE TABLE `t_polar_tree` (
  `id` bigint(50) NOT NULL AUTO_INCREMENT COMMENT '编号',
  `text` varchar(500) NOT NULL COMMENT '文本内容',
  `value` varchar(500) NOT NULL COMMENT '值',
  `groupId` varchar(500) NOT NULL COMMENT '组编号',
  `groupName` varchar(500) NOT NULL COMMENT '组名',
  `textAlias` varchar(500) DEFAULT NULL COMMENT '别名',
  `parentId` varchar(50) DEFAULT NULL COMMENT '父级编号',
  `type` int(1) NOT NULL DEFAULT '1' COMMENT '类型',
  `textId` varchar(50) DEFAULT NULL COMMENT '编号',
   `orderNum` bigint(11) NOT NULL DEFAULT '0' COMMENT '排序号',
  PRIMARY KEY (`id`)
) ENGINE=InnoDB AUTO_INCREMENT=15 DEFAULT CHARSET=utf8mb4 COMMENT='树结构';

-- ----------------------------
-- Records of t_polar_tree
-- ----------------------------
INSERT INTO `t_polar_tree` VALUES ('1', '总经理', '1', 'ZW', '职位', '总经理', null, '2', '1',1);
INSERT INTO `t_polar_tree` VALUES ('2', '技术部经理', '2', 'ZW', '职位', '技术部经理', '1', '2', '2',1);
INSERT INTO `t_polar_tree` VALUES ('3', '市场部经理', '3', 'ZW', '职位', '市场部经理', '1', '2', '3',2);
INSERT INTO `t_polar_tree` VALUES ('4', '技术项目经理', '4', 'ZW', '职位', '技术项目经理', '2', '2', '4',3);
INSERT INTO `t_polar_tree` VALUES ('5', 'java开发', '5', 'ZW', '职位', 'java开发', '4', '2', '5',4);
INSERT INTO `t_polar_tree` VALUES ('6', 'android开发', '6', 'ZW', '职位', 'android开发', '4', '2', '6',5);
INSERT INTO `t_polar_tree` VALUES ('7', 'IOS开发', '7', 'ZW', '职位', 'IOS开发', '4', '2', '7',6);
INSERT INTO `t_polar_tree` VALUES ('8', '全国', '000000', 'AREA', '简单区域', '全国', null, '1', null,1);
INSERT INTO `t_polar_tree` VALUES ('9', '北京', '010000', 'AREA', '简单区域', '北京', null, '1', null,2);
INSERT INTO `t_polar_tree` VALUES ('10', '上海', '020000', 'AREA', '简单区域', '上海', null, '1', null,3);
INSERT INTO `t_polar_tree` VALUES ('11', '山东', '030000', 'AREA', '简单区域', '山东', null, '1', null,4);
INSERT INTO `t_polar_tree` VALUES ('12', '济南', '030100', 'AREA', '简单区域', '山东-济南', null, '1', null,5);
INSERT INTO `t_polar_tree` VALUES ('13', '市中区', '030101', 'AREA', '简单区域', '山东-济南-市中区', null, '1', null,6);
INSERT INTO `t_polar_tree` VALUES ('14', '历下区', '030102', 'AREA', '简单区域', '山东-济南-历下区', null, '1', null,7);

-- ----------------------------
-- Table structure for t_polar_user
-- ----------------------------
DROP TABLE IF EXISTS `t_polar_user`;
CREATE TABLE `t_polar_user` (
  `id` bigint(20) NOT NULL AUTO_INCREMENT,
  `userName` varchar(500) NOT NULL COMMENT '用户名',
  `password` varchar(500) DEFAULT NULL COMMENT '密码',
  `logCount` bigint(20) DEFAULT '0' COMMENT '登陆次数',
  `headUrl` varchar(2000) DEFAULT NULL COMMENT '头像',
  `nickName` varchar(500) DEFAULT NULL COMMENT '昵称',
  `logInIp` varchar(255) DEFAULT NULL COMMENT '最后一次登陆的IP',
  `state` int(1) DEFAULT '1' COMMENT '状态(0-禁用，1-正常)',
  `createDate` datetime DEFAULT NULL COMMENT '创建日期',
  `phone` varchar(255) DEFAULT NULL COMMENT '手机号',
  `email` varchar(255) DEFAULT NULL COMMENT '邮箱',
  `logInDate` datetime DEFAULT NULL COMMENT '最后一次登陆日期',
  `org_id` varchar(500) DEFAULT NULL COMMENT '机构编号',
  `salt` varchar(50) DEFAULT NULL COMMENT '用户密码盐值',
  `disableReason` varchar(500) DEFAULT NULL COMMENT '用户禁用原因',
  `userType` int(1) NOT NULL DEFAULT '1' COMMENT '用户类型,1-平台，2-第三方',
  PRIMARY KEY (`id`)
) ENGINE=InnoDB AUTO_INCREMENT=5 DEFAULT CHARSET=utf8mb4 ROW_FORMAT=COMPACT COMMENT='用户表';

-- ----------------------------
-- Records of t_polar_user
-- ----------------------------
INSERT INTO `t_polar_user` VALUES ('1', 'admin', 'a95a7410751fccde366ce2c26e466df29f73e962', '57', 'https://timgsa.baidu.com/timg?image&amp;quality=80&amp;size=b9999_10000&amp;sec=1502882341440&amp;di=541b6fc30e37d44d3f14f7cff822d6f4&amp;imgtype=0&amp;src=http%3A%2F%2Fpic2.ooopic.com%2F12%2F90%2F11%2F93b1OOOPICa6.jpg', '恩哥', '本地', '1', '2017-09-09 14:21:19', '18615625210', '1107061838@qq.com', '2018-10-11 13:56:47', null, 'EC420F40C0F74DA3B9718929E39992CC', null,'1');
INSERT INTO `t_polar_user` VALUES ('2', 'operate1', 'a95a7410751fccde366ce2c26e466df29f73e962', '6', null, '请假审核员', '本地', '1', '2018-08-30 14:01:35', null, null, '2018-08-30 14:59:45', null, 'EC420F40C0F74DA3B9718929E39992CC', null,'1');
INSERT INTO `t_polar_user` VALUES ('3', 'operate2', 'a95a7410751fccde366ce2c26e466df29f73e962', '0', null, '请假高级审核员', null, '1', '2018-08-30 14:02:06', null, null, null, null, 'EC420F40C0F74DA3B9718929E39992CC', null,'1');
INSERT INTO `t_polar_user` VALUES ('4', 'operate3', 'a95a7410751fccde366ce2c26e466df29f73e962', '1', null, '请假总审核员', '本地', '1', '2018-08-30 14:02:22', null, null, '2018-08-30 15:09:53', null, 'EC420F40C0F74DA3B9718929E39992CC', null,'1');

-- ----------------------------
-- Table structure for t_polar_user_menu
-- ----------------------------
DROP TABLE IF EXISTS `t_polar_user_menu`;
CREATE TABLE `t_polar_user_menu` (
  `id` bigint(50) NOT NULL AUTO_INCREMENT COMMENT '编号',
  `userId` bigint(50) NOT NULL COMMENT '角色编号',
  `menuModelId` bigint(50) NOT NULL COMMENT '权限编号',
  PRIMARY KEY (`id`),
  UNIQUE KEY `unoin_key_user_menuModel` (`userId`,`menuModelId`) USING BTREE
) ENGINE=InnoDB AUTO_INCREMENT=235 DEFAULT CHARSET=utf8 ROW_FORMAT=COMPACT COMMENT='用户菜单表';

-- ----------------------------
-- Records of t_polar_user_menu
-- ----------------------------
INSERT INTO `t_polar_user_menu` VALUES ('231', '1', '1');
INSERT INTO `t_polar_user_menu` VALUES ('232', '2', '2');
INSERT INTO `t_polar_user_menu` VALUES ('233', '3', '2');
INSERT INTO `t_polar_user_menu` VALUES ('234', '4', '2');

-- ----------------------------
-- Table structure for t_polar_user_role
-- ----------------------------
DROP TABLE IF EXISTS `t_polar_user_role`;
CREATE TABLE `t_polar_user_role` (
  `id` bigint(50) NOT NULL AUTO_INCREMENT COMMENT '主键编号',
  `userId` bigint(50) NOT NULL COMMENT '用户编号',
  `roleId` bigint(50) NOT NULL COMMENT '角色编号',
  PRIMARY KEY (`id`),
  UNIQUE KEY `unoin_key_user_role` (`userId`,`roleId`) USING BTREE
) ENGINE=InnoDB AUTO_INCREMENT=5 DEFAULT CHARSET=utf8 COMMENT='用户-角色表';

-- ----------------------------
-- Records of t_polar_user_role
-- ----------------------------
INSERT INTO `t_polar_user_role` VALUES ('1', '1', '1');
INSERT INTO `t_polar_user_role` VALUES ('2', '2', '7');
INSERT INTO `t_polar_user_role` VALUES ('3', '3', '7');
INSERT INTO `t_polar_user_role` VALUES ('4', '4', '7');

-- ----------------------------
-- Table structure for t_polar_vist_record
-- ----------------------------
DROP TABLE IF EXISTS `t_polar_vist_record`;
CREATE TABLE `t_polar_vist_record` (
  `id` bigint(20) NOT NULL AUTO_INCREMENT COMMENT '主键编号',
  `pageName` varchar(500) DEFAULT NULL COMMENT '页面名称',
  `vistUrl` varchar(500) NOT NULL COMMENT '访问路径',
  `vistPlatform` int(1) NOT NULL COMMENT '访问平台(1-电脑，2-手机)',
  `vistDate` datetime NOT NULL COMMENT '访问时间',
  `vistPeople` varchar(500) DEFAULT '' COMMENT '访问人',
  `vistIp` varchar(50) DEFAULT NULL COMMENT '访问ip',
  PRIMARY KEY (`id`)
) ENGINE=MyISAM AUTO_INCREMENT=887 DEFAULT CHARSET=utf8mb4;

-- ----------------------------
-- Records of t_polar_vist_record
-- ----------------------------
